Category,Range,GeneCount,Annotation,Method,SeqType,DataSet,N_Gain_Cores,N_Loss_Cores,N_Gain_Tips,N_Loss_Tips,MethodAndTech,MethodAndTechAndAnno,AnnoAndTech,PangenomeTool
Total genes,(0% <= strains <= 100%),4200,Bakta,Panaroo_Strict_MergeParalogs,LongRead,All,207,475,485,743,Panaroo_Strict_MergeParalogs_LongRead,Panaroo_Strict_MergeParalogs_LongRead_Bakta,Bakta-LongRead,Panaroo
Core genes,(99% <= strains <= 100%),3779,Bakta,Panaroo_Strict_MergeParalogs,LongRead,All,207,475,485,743,Panaroo_Strict_MergeParalogs_LongRead,Panaroo_Strict_MergeParalogs_LongRead_Bakta,Bakta-LongRead,Panaroo
Accessory genes,(0% <= strains < 99%),421,Bakta,Panaroo_Strict_MergeParalogs,LongRead,All,207,475,485,743,Panaroo_Strict_MergeParalogs_LongRead,Panaroo_Strict_MergeParalogs_LongRead_Bakta,Bakta-LongRead,Panaroo
Total genes,(0% <= strains <= 100%),4280,Bakta,Panaroo_Moderate_MergeParalogs,LongRead,All,262,500,637,800,Panaroo_Moderate_MergeParalogs_LongRead,Panaroo_Moderate_MergeParalogs_LongRead_Bakta,Bakta-LongRead,Panaroo
Core genes,(99% <= strains <= 100%),3825,Bakta,Panaroo_Moderate_MergeParalogs,LongRead,All,262,500,637,800,Panaroo_Moderate_MergeParalogs_LongRead,Panaroo_Moderate_MergeParalogs_LongRead_Bakta,Bakta-LongRead,Panaroo
Accessory genes,(0% <= strains < 99%),455,Bakta,Panaroo_Moderate_MergeParalogs,LongRead,All,262,500,637,800,Panaroo_Moderate_MergeParalogs_LongRead,Panaroo_Moderate_MergeParalogs_LongRead_Bakta,Bakta-LongRead,Panaroo
Total genes,(0% <= strains <= 100%),4281,Bakta,Panaroo_Sensitive_MergeParalogs,LongRead,All,263,500,644,802,Panaroo_Sensitive_MergeParalogs_LongRead,Panaroo_Sensitive_MergeParalogs_LongRead_Bakta,Bakta-LongRead,Panaroo
Core genes,(99% <= strains <= 100%),3825,Bakta,Panaroo_Sensitive_MergeParalogs,LongRead,All,263,500,644,802,Panaroo_Sensitive_MergeParalogs_LongRead,Panaroo_Sensitive_MergeParalogs_LongRead_Bakta,Bakta-LongRead,Panaroo
Accessory genes,(0% <= strains < 99%),456,Bakta,Panaroo_Sensitive_MergeParalogs,LongRead,All,263,500,644,802,Panaroo_Sensitive_MergeParalogs_LongRead,Panaroo_Sensitive_MergeParalogs_LongRead_Bakta,Bakta-LongRead,Panaroo
Total genes,(0% <= strains <= 100%),4305,Bakta,Panaroo_Strict,LongRead,All,350,635,881,1068,Panaroo_Strict_LongRead,Panaroo_Strict_LongRead_Bakta,Bakta-LongRead,Panaroo
Core genes,(99% <= strains <= 100%),3787,Bakta,Panaroo_Strict,LongRead,All,350,635,881,1068,Panaroo_Strict_LongRead,Panaroo_Strict_LongRead_Bakta,Bakta-LongRead,Panaroo
Accessory genes,(0% <= strains < 99%),518,Bakta,Panaroo_Strict,LongRead,All,350,635,881,1068,Panaroo_Strict_LongRead,Panaroo_Strict_LongRead_Bakta,Bakta-LongRead,Panaroo
Total genes,(0% <= strains <= 100%),4387,Bakta,Panaroo_Moderate,LongRead,All,410,662,1049,1129,Panaroo_Moderate_LongRead,Panaroo_Moderate_LongRead_Bakta,Bakta-LongRead,Panaroo
Core genes,(99% <= strains <= 100%),3833,Bakta,Panaroo_Moderate,LongRead,All,410,662,1049,1129,Panaroo_Moderate_LongRead,Panaroo_Moderate_LongRead_Bakta,Bakta-LongRead,Panaroo
Accessory genes,(0% <= strains < 99%),554,Bakta,Panaroo_Moderate,LongRead,All,410,662,1049,1129,Panaroo_Moderate_LongRead,Panaroo_Moderate_LongRead_Bakta,Bakta-LongRead,Panaroo
Total genes,(0% <= strains <= 100%),4388,Bakta,Panaroo_Sensitive,LongRead,All,411,662,1056,1131,Panaroo_Sensitive_LongRead,Panaroo_Sensitive_LongRead_Bakta,Bakta-LongRead,Panaroo
Core genes,(99% <= strains <= 100%),3833,Bakta,Panaroo_Sensitive,LongRead,All,411,662,1056,1131,Panaroo_Sensitive_LongRead,Panaroo_Sensitive_LongRead_Bakta,Bakta-LongRead,Panaroo
Accessory genes,(0% <= strains < 99%),555,Bakta,Panaroo_Sensitive,LongRead,All,411,662,1056,1131,Panaroo_Sensitive_LongRead,Panaroo_Sensitive_LongRead_Bakta,Bakta-LongRead,Panaroo
Total genes,(0% <= strains <= 100%),4252,Bakta,Roary_NoSplitParalogs_I80,LongRead,All,367,548,1232,924,Roary_NoSplitParalogs_I80_LongRead,Roary_NoSplitParalogs_I80_LongRead_Bakta,Bakta-LongRead,Roary
Core genes,(99% <= strains <= 100%),3714,Bakta,Roary_NoSplitParalogs_I80,LongRead,All,367,548,1232,924,Roary_NoSplitParalogs_I80_LongRead,Roary_NoSplitParalogs_I80_LongRead_Bakta,Bakta-LongRead,Roary
Accessory genes,(0% <= strains < 99%),538,Bakta,Roary_NoSplitParalogs_I80,LongRead,All,367,548,1232,924,Roary_NoSplitParalogs_I80_LongRead,Roary_NoSplitParalogs_I80_LongRead_Bakta,Bakta-LongRead,Roary
Total genes,(0% <= strains <= 100%),4293,Bakta,Roary_NoSplitParalogs_I90,LongRead,All,378,587,1246,972,Roary_NoSplitParalogs_I90_LongRead,Roary_NoSplitParalogs_I90_LongRead_Bakta,Bakta-LongRead,Roary
Core genes,(99% <= strains <= 100%),3723,Bakta,Roary_NoSplitParalogs_I90,LongRead,All,378,587,1246,972,Roary_NoSplitParalogs_I90_LongRead,Roary_NoSplitParalogs_I90_LongRead_Bakta,Bakta-LongRead,Roary
Accessory genes,(0% <= strains < 99%),570,Bakta,Roary_NoSplitParalogs_I90,LongRead,All,378,587,1246,972,Roary_NoSplitParalogs_I90_LongRead,Roary_NoSplitParalogs_I90_LongRead_Bakta,Bakta-LongRead,Roary
Total genes,(0% <= strains <= 100%),4366,Bakta,Roary_NoSplitParalogs,LongRead,All,400,616,1303,1018,Roary_NoSplitParalogs_LongRead,Roary_NoSplitParalogs_LongRead_Bakta,Bakta-LongRead,Roary
Core genes,(99% <= strains <= 100%),3716,Bakta,Roary_NoSplitParalogs,LongRead,All,400,616,1303,1018,Roary_NoSplitParalogs_LongRead,Roary_NoSplitParalogs_LongRead_Bakta,Bakta-LongRead,Roary
Accessory genes,(0% <= strains < 99%),650,Bakta,Roary_NoSplitParalogs,LongRead,All,400,616,1303,1018,Roary_NoSplitParalogs_LongRead,Roary_NoSplitParalogs_LongRead_Bakta,Bakta-LongRead,Roary
Total genes,(0% <= strains <= 100%),5366,Bakta,Roary_Default,LongRead,All,1980,1550,5526,2974,Roary_Default_LongRead,Roary_Default_LongRead_Bakta,Bakta-LongRead,Roary
Core genes,(99% <= strains <= 100%),3499,Bakta,Roary_Default,LongRead,All,1980,1550,5526,2974,Roary_Default_LongRead,Roary_Default_LongRead_Bakta,Bakta-LongRead,Roary
Accessory genes,(0% <= strains < 99%),1867,Bakta,Roary_Default,LongRead,All,1980,1550,5526,2974,Roary_Default_LongRead,Roary_Default_LongRead_Bakta,Bakta-LongRead,Roary
Total genes,(0% <= strains <= 100%),4466,Bakta,Ppanggolin_I0.80C0.60,LongRead,All,528,664,1706,1127,Ppanggolin_I0.80C0.60_LongRead,Ppanggolin_I0.80C0.60_LongRead_Bakta,Bakta-LongRead,Ppanggolin
Core genes,(99% <= strains <= 100%),3711,Bakta,Ppanggolin_I0.80C0.60,LongRead,All,528,664,1706,1127,Ppanggolin_I0.80C0.60_LongRead,Ppanggolin_I0.80C0.60_LongRead_Bakta,Bakta-LongRead,Ppanggolin
Accessory genes,(0% <= strains < 99%),755,Bakta,Ppanggolin_I0.80C0.60,LongRead,All,528,664,1706,1127,Ppanggolin_I0.80C0.60_LongRead,Ppanggolin_I0.80C0.60_LongRead_Bakta,Bakta-LongRead,Ppanggolin
Total genes,(0% <= strains <= 100%),4772,Bakta,Ppanggolin_I0.80C0.80,LongRead,All,685,751,2553,1404,Ppanggolin_I0.80C0.80_LongRead,Ppanggolin_I0.80C0.80_LongRead_Bakta,Bakta-LongRead,Ppanggolin
Core genes,(99% <= strains <= 100%),3650,Bakta,Ppanggolin_I0.80C0.80,LongRead,All,685,751,2553,1404,Ppanggolin_I0.80C0.80_LongRead,Ppanggolin_I0.80C0.80_LongRead_Bakta,Bakta-LongRead,Ppanggolin
Accessory genes,(0% <= strains < 99%),1122,Bakta,Ppanggolin_I0.80C0.80,LongRead,All,685,751,2553,1404,Ppanggolin_I0.80C0.80_LongRead,Ppanggolin_I0.80C0.80_LongRead_Bakta,Bakta-LongRead,Ppanggolin
Total genes,(0% <= strains <= 100%),5292,Bakta,Ppanggolin_I0.80C0.90,LongRead,All,1261,1074,4486,2071,Ppanggolin_I0.80C0.90_LongRead,Ppanggolin_I0.80C0.90_LongRead_Bakta,Bakta-LongRead,Ppanggolin
Core genes,(99% <= strains <= 100%),3576,Bakta,Ppanggolin_I0.80C0.90,LongRead,All,1261,1074,4486,2071,Ppanggolin_I0.80C0.90_LongRead,Ppanggolin_I0.80C0.90_LongRead_Bakta,Bakta-LongRead,Ppanggolin
Accessory genes,(0% <= strains < 99%),1716,Bakta,Ppanggolin_I0.80C0.90,LongRead,All,1261,1074,4486,2071,Ppanggolin_I0.80C0.90_LongRead,Ppanggolin_I0.80C0.90_LongRead_Bakta,Bakta-LongRead,Ppanggolin
Total genes,(0% <= strains <= 100%),4666,Bakta,Ppanggolin_I0.90C0.60,LongRead,All,560,704,1994,1276,Ppanggolin_I0.90C0.60_LongRead,Ppanggolin_I0.90C0.60_LongRead_Bakta,Bakta-LongRead,Ppanggolin
Core genes,(99% <= strains <= 100%),3710,Bakta,Ppanggolin_I0.90C0.60,LongRead,All,560,704,1994,1276,Ppanggolin_I0.90C0.60_LongRead,Ppanggolin_I0.90C0.60_LongRead_Bakta,Bakta-LongRead,Ppanggolin
Accessory genes,(0% <= strains < 99%),956,Bakta,Ppanggolin_I0.90C0.60,LongRead,All,560,704,1994,1276,Ppanggolin_I0.90C0.60_LongRead,Ppanggolin_I0.90C0.60_LongRead_Bakta,Bakta-LongRead,Ppanggolin
Total genes,(0% <= strains <= 100%),5072,Bakta,Ppanggolin_I0.90C0.80,LongRead,All,951,979,3383,1828,Ppanggolin_I0.90C0.80_LongRead,Ppanggolin_I0.90C0.80_LongRead_Bakta,Bakta-LongRead,Ppanggolin
Core genes,(99% <= strains <= 100%),3640,Bakta,Ppanggolin_I0.90C0.80,LongRead,All,951,979,3383,1828,Ppanggolin_I0.90C0.80_LongRead,Ppanggolin_I0.90C0.80_LongRead_Bakta,Bakta-LongRead,Ppanggolin
Accessory genes,(0% <= strains < 99%),1432,Bakta,Ppanggolin_I0.90C0.80,LongRead,All,951,979,3383,1828,Ppanggolin_I0.90C0.80_LongRead,Ppanggolin_I0.90C0.80_LongRead_Bakta,Bakta-LongRead,Ppanggolin
Total genes,(0% <= strains <= 100%),5580,Bakta,Ppanggolin_I0.90C0.90,LongRead,All,1247,1146,4540,2271,Ppanggolin_I0.90C0.90_LongRead,Ppanggolin_I0.90C0.90_LongRead_Bakta,Bakta-LongRead,Ppanggolin
Core genes,(99% <= strains <= 100%),3572,Bakta,Ppanggolin_I0.90C0.90,LongRead,All,1247,1146,4540,2271,Ppanggolin_I0.90C0.90_LongRead,Ppanggolin_I0.90C0.90_LongRead_Bakta,Bakta-LongRead,Ppanggolin
Accessory genes,(0% <= strains < 99%),2008,Bakta,Ppanggolin_I0.90C0.90,LongRead,All,1247,1146,4540,2271,Ppanggolin_I0.90C0.90_LongRead,Ppanggolin_I0.90C0.90_LongRead_Bakta,Bakta-LongRead,Ppanggolin
Total genes,(0% <= strains <= 100%),5452,Bakta,Ppanggolin_I0.98C0.60,LongRead,All,935,868,3102,1668,Ppanggolin_I0.98C0.60_LongRead,Ppanggolin_I0.98C0.60_LongRead_Bakta,Bakta-LongRead,Ppanggolin
Core genes,(99% <= strains <= 100%),3634,Bakta,Ppanggolin_I0.98C0.60,LongRead,All,935,868,3102,1668,Ppanggolin_I0.98C0.60_LongRead,Ppanggolin_I0.98C0.60_LongRead_Bakta,Bakta-LongRead,Ppanggolin
Accessory genes,(0% <= strains < 99%),1818,Bakta,Ppanggolin_I0.98C0.60,LongRead,All,935,868,3102,1668,Ppanggolin_I0.98C0.60_LongRead,Ppanggolin_I0.98C0.60_LongRead_Bakta,Bakta-LongRead,Ppanggolin
Total genes,(0% <= strains <= 100%),5888,Bakta,Ppanggolin_I0.98C0.80,LongRead,All,1163,1065,4152,2150,Ppanggolin_I0.98C0.80_LongRead,Ppanggolin_I0.98C0.80_LongRead_Bakta,Bakta-LongRead,Ppanggolin
Core genes,(99% <= strains <= 100%),3578,Bakta,Ppanggolin_I0.98C0.80,LongRead,All,1163,1065,4152,2150,Ppanggolin_I0.98C0.80_LongRead,Ppanggolin_I0.98C0.80_LongRead_Bakta,Bakta-LongRead,Ppanggolin
Accessory genes,(0% <= strains < 99%),2310,Bakta,Ppanggolin_I0.98C0.80,LongRead,All,1163,1065,4152,2150,Ppanggolin_I0.98C0.80_LongRead,Ppanggolin_I0.98C0.80_LongRead_Bakta,Bakta-LongRead,Ppanggolin
Total genes,(0% <= strains <= 100%),6428,Bakta,Ppanggolin_I0.98C0.90,LongRead,All,1502,1288,5263,2473,Ppanggolin_I0.98C0.90_LongRead,Ppanggolin_I0.98C0.90_LongRead_Bakta,Bakta-LongRead,Ppanggolin
Core genes,(99% <= strains <= 100%),3514,Bakta,Ppanggolin_I0.98C0.90,LongRead,All,1502,1288,5263,2473,Ppanggolin_I0.98C0.90_LongRead,Ppanggolin_I0.98C0.90_LongRead_Bakta,Bakta-LongRead,Ppanggolin
Accessory genes,(0% <= strains < 99%),2914,Bakta,Ppanggolin_I0.98C0.90,LongRead,All,1502,1288,5263,2473,Ppanggolin_I0.98C0.90_LongRead,Ppanggolin_I0.98C0.90_LongRead_Bakta,Bakta-LongRead,Ppanggolin
Total genes,(0% <= strains <= 100%),4156,Bakta,Pangene_0.9.Miniprot0.95,LongRead,All,145,451,264,634,Pangene_0.9.Miniprot0.95_LongRead,Pangene_0.9.Miniprot0.95_LongRead_Bakta,Bakta-LongRead,Pangene
Core genes,(99% <= strains <= 100%),3797,Bakta,Pangene_0.9.Miniprot0.95,LongRead,All,145,451,264,634,Pangene_0.9.Miniprot0.95_LongRead,Pangene_0.9.Miniprot0.95_LongRead_Bakta,Bakta-LongRead,Pangene
Accessory genes,(0% <= strains < 99%),359,Bakta,Pangene_0.9.Miniprot0.95,LongRead,All,145,451,264,634,Pangene_0.9.Miniprot0.95_LongRead,Pangene_0.9.Miniprot0.95_LongRead_Bakta,Bakta-LongRead,Pangene
Total genes,(0% <= strains <= 100%),4165,Bakta,Pangene_0.9.Miniprot0.98,LongRead,All,148,462,295,644,Pangene_0.9.Miniprot0.98_LongRead,Pangene_0.9.Miniprot0.98_LongRead_Bakta,Bakta-LongRead,Pangene
Core genes,(99% <= strains <= 100%),3793,Bakta,Pangene_0.9.Miniprot0.98,LongRead,All,148,462,295,644,Pangene_0.9.Miniprot0.98_LongRead,Pangene_0.9.Miniprot0.98_LongRead_Bakta,Bakta-LongRead,Pangene
Accessory genes,(0% <= strains < 99%),372,Bakta,Pangene_0.9.Miniprot0.98,LongRead,All,148,462,295,644,Pangene_0.9.Miniprot0.98_LongRead,Pangene_0.9.Miniprot0.98_LongRead_Bakta,Bakta-LongRead,Pangene
Total genes,(0% <= strains <= 100%),4168,Bakta,Pangene_0.9.Miniprot0.99,LongRead,All,160,469,308,657,Pangene_0.9.Miniprot0.99_LongRead,Pangene_0.9.Miniprot0.99_LongRead_Bakta,Bakta-LongRead,Pangene
Core genes,(99% <= strains <= 100%),3791,Bakta,Pangene_0.9.Miniprot0.99,LongRead,All,160,469,308,657,Pangene_0.9.Miniprot0.99_LongRead,Pangene_0.9.Miniprot0.99_LongRead_Bakta,Bakta-LongRead,Pangene
Accessory genes,(0% <= strains < 99%),377,Bakta,Pangene_0.9.Miniprot0.99,LongRead,All,160,469,308,657,Pangene_0.9.Miniprot0.99_LongRead,Pangene_0.9.Miniprot0.99_LongRead_Bakta,Bakta-LongRead,Pangene
Total genes,(0% <= strains <= 100%),4154,Bakta,Pangene_0.9.Miniprot0.9,LongRead,All,142,454,276,625,Pangene_0.9.Miniprot0.9_LongRead,Pangene_0.9.Miniprot0.9_LongRead_Bakta,Bakta-LongRead,Pangene
Core genes,(99% <= strains <= 100%),3796,Bakta,Pangene_0.9.Miniprot0.9,LongRead,All,142,454,276,625,Pangene_0.9.Miniprot0.9_LongRead,Pangene_0.9.Miniprot0.9_LongRead_Bakta,Bakta-LongRead,Pangene
Accessory genes,(0% <= strains < 99%),358,Bakta,Pangene_0.9.Miniprot0.9,LongRead,All,142,454,276,625,Pangene_0.9.Miniprot0.9_LongRead,Pangene_0.9.Miniprot0.9_LongRead_Bakta,Bakta-LongRead,Pangene
Total genes,(0% <= strains <= 100%),4192,Bakta,Pangene_0.95.Miniprot0.95,LongRead,All,168,478,318,688,Pangene_0.95.Miniprot0.95_LongRead,Pangene_0.95.Miniprot0.95_LongRead_Bakta,Bakta-LongRead,Pangene
Core genes,(99% <= strains <= 100%),3795,Bakta,Pangene_0.95.Miniprot0.95,LongRead,All,168,478,318,688,Pangene_0.95.Miniprot0.95_LongRead,Pangene_0.95.Miniprot0.95_LongRead_Bakta,Bakta-LongRead,Pangene
Accessory genes,(0% <= strains < 99%),397,Bakta,Pangene_0.95.Miniprot0.95,LongRead,All,168,478,318,688,Pangene_0.95.Miniprot0.95_LongRead,Pangene_0.95.Miniprot0.95_LongRead_Bakta,Bakta-LongRead,Pangene
Total genes,(0% <= strains <= 100%),4204,Bakta,Pangene_0.95.Miniprot0.98,LongRead,All,175,495,343,714,Pangene_0.95.Miniprot0.98_LongRead,Pangene_0.95.Miniprot0.98_LongRead_Bakta,Bakta-LongRead,Pangene
Core genes,(99% <= strains <= 100%),3793,Bakta,Pangene_0.95.Miniprot0.98,LongRead,All,175,495,343,714,Pangene_0.95.Miniprot0.98_LongRead,Pangene_0.95.Miniprot0.98_LongRead_Bakta,Bakta-LongRead,Pangene
Accessory genes,(0% <= strains < 99%),411,Bakta,Pangene_0.95.Miniprot0.98,LongRead,All,175,495,343,714,Pangene_0.95.Miniprot0.98_LongRead,Pangene_0.95.Miniprot0.98_LongRead_Bakta,Bakta-LongRead,Pangene
Total genes,(0% <= strains <= 100%),4215,Bakta,Pangene_0.95.Miniprot0.99,LongRead,All,198,503,377,716,Pangene_0.95.Miniprot0.99_LongRead,Pangene_0.95.Miniprot0.99_LongRead_Bakta,Bakta-LongRead,Pangene
Core genes,(99% <= strains <= 100%),3792,Bakta,Pangene_0.95.Miniprot0.99,LongRead,All,198,503,377,716,Pangene_0.95.Miniprot0.99_LongRead,Pangene_0.95.Miniprot0.99_LongRead_Bakta,Bakta-LongRead,Pangene
Accessory genes,(0% <= strains < 99%),423,Bakta,Pangene_0.95.Miniprot0.99,LongRead,All,198,503,377,716,Pangene_0.95.Miniprot0.99_LongRead,Pangene_0.95.Miniprot0.99_LongRead_Bakta,Bakta-LongRead,Pangene
Total genes,(0% <= strains <= 100%),4190,Bakta,Pangene_0.95.Miniprot0.9,LongRead,All,157,470,313,673,Pangene_0.95.Miniprot0.9_LongRead,Pangene_0.95.Miniprot0.9_LongRead_Bakta,Bakta-LongRead,Pangene
Core genes,(99% <= strains <= 100%),3795,Bakta,Pangene_0.95.Miniprot0.9,LongRead,All,157,470,313,673,Pangene_0.95.Miniprot0.9_LongRead,Pangene_0.95.Miniprot0.9_LongRead_Bakta,Bakta-LongRead,Pangene
Accessory genes,(0% <= strains < 99%),395,Bakta,Pangene_0.95.Miniprot0.9,LongRead,All,157,470,313,673,Pangene_0.95.Miniprot0.9_LongRead,Pangene_0.95.Miniprot0.9_LongRead_Bakta,Bakta-LongRead,Pangene
Total genes,(0% <= strains <= 100%),4224,Bakta,Pangene_0.98.Miniprot0.95,LongRead,All,196,511,344,725,Pangene_0.98.Miniprot0.95_LongRead,Pangene_0.98.Miniprot0.95_LongRead_Bakta,Bakta-LongRead,Pangene
Core genes,(99% <= strains <= 100%),3796,Bakta,Pangene_0.98.Miniprot0.95,LongRead,All,196,511,344,725,Pangene_0.98.Miniprot0.95_LongRead,Pangene_0.98.Miniprot0.95_LongRead_Bakta,Bakta-LongRead,Pangene
Accessory genes,(0% <= strains < 99%),428,Bakta,Pangene_0.98.Miniprot0.95,LongRead,All,196,511,344,725,Pangene_0.98.Miniprot0.95_LongRead,Pangene_0.98.Miniprot0.95_LongRead_Bakta,Bakta-LongRead,Pangene
Total genes,(0% <= strains <= 100%),4238,Bakta,Pangene_0.98.Miniprot0.98,LongRead,All,192,517,377,744,Pangene_0.98.Miniprot0.98_LongRead,Pangene_0.98.Miniprot0.98_LongRead_Bakta,Bakta-LongRead,Pangene
Core genes,(99% <= strains <= 100%),3796,Bakta,Pangene_0.98.Miniprot0.98,LongRead,All,192,517,377,744,Pangene_0.98.Miniprot0.98_LongRead,Pangene_0.98.Miniprot0.98_LongRead_Bakta,Bakta-LongRead,Pangene
Accessory genes,(0% <= strains < 99%),442,Bakta,Pangene_0.98.Miniprot0.98,LongRead,All,192,517,377,744,Pangene_0.98.Miniprot0.98_LongRead,Pangene_0.98.Miniprot0.98_LongRead_Bakta,Bakta-LongRead,Pangene
Total genes,(0% <= strains <= 100%),4245,Bakta,Pangene_0.98.Miniprot0.99,LongRead,All,217,513,420,741,Pangene_0.98.Miniprot0.99_LongRead,Pangene_0.98.Miniprot0.99_LongRead_Bakta,Bakta-LongRead,Pangene
Core genes,(99% <= strains <= 100%),3792,Bakta,Pangene_0.98.Miniprot0.99,LongRead,All,217,513,420,741,Pangene_0.98.Miniprot0.99_LongRead,Pangene_0.98.Miniprot0.99_LongRead_Bakta,Bakta-LongRead,Pangene
Accessory genes,(0% <= strains < 99%),453,Bakta,Pangene_0.98.Miniprot0.99,LongRead,All,217,513,420,741,Pangene_0.98.Miniprot0.99_LongRead,Pangene_0.98.Miniprot0.99_LongRead_Bakta,Bakta-LongRead,Pangene
Total genes,(0% <= strains <= 100%),4220,Bakta,Pangene_0.98.Miniprot0.9,LongRead,All,183,497,342,704,Pangene_0.98.Miniprot0.9_LongRead,Pangene_0.98.Miniprot0.9_LongRead_Bakta,Bakta-LongRead,Pangene
Core genes,(99% <= strains <= 100%),3796,Bakta,Pangene_0.98.Miniprot0.9,LongRead,All,183,497,342,704,Pangene_0.98.Miniprot0.9_LongRead,Pangene_0.98.Miniprot0.9_LongRead_Bakta,Bakta-LongRead,Pangene
Accessory genes,(0% <= strains < 99%),424,Bakta,Pangene_0.98.Miniprot0.9,LongRead,All,183,497,342,704,Pangene_0.98.Miniprot0.9_LongRead,Pangene_0.98.Miniprot0.9_LongRead_Bakta,Bakta-LongRead,Pangene
Total genes,(0% <= strains <= 100%),4211,Bakta,Panaroo_Strict_MergeParalogs,ShortRead,All,957,1014,2665,3154,Panaroo_Strict_MergeParalogs_ShortRead,Panaroo_Strict_MergeParalogs_ShortRead_Bakta,Bakta-ShortRead,Panaroo
Core genes,(99% <= strains <= 100%),3537,Bakta,Panaroo_Strict_MergeParalogs,ShortRead,All,957,1014,2665,3154,Panaroo_Strict_MergeParalogs_ShortRead,Panaroo_Strict_MergeParalogs_ShortRead_Bakta,Bakta-ShortRead,Panaroo
Accessory genes,(0% <= strains < 99%),674,Bakta,Panaroo_Strict_MergeParalogs,ShortRead,All,957,1014,2665,3154,Panaroo_Strict_MergeParalogs_ShortRead,Panaroo_Strict_MergeParalogs_ShortRead_Bakta,Bakta-ShortRead,Panaroo
Total genes,(0% <= strains <= 100%),4382,Bakta,Panaroo_Moderate_MergeParalogs,ShortRead,All,1132,1131,3444,3367,Panaroo_Moderate_MergeParalogs_ShortRead,Panaroo_Moderate_MergeParalogs_ShortRead_Bakta,Bakta-ShortRead,Panaroo
Core genes,(99% <= strains <= 100%),3574,Bakta,Panaroo_Moderate_MergeParalogs,ShortRead,All,1132,1131,3444,3367,Panaroo_Moderate_MergeParalogs_ShortRead,Panaroo_Moderate_MergeParalogs_ShortRead_Bakta,Bakta-ShortRead,Panaroo
Accessory genes,(0% <= strains < 99%),808,Bakta,Panaroo_Moderate_MergeParalogs,ShortRead,All,1132,1131,3444,3367,Panaroo_Moderate_MergeParalogs_ShortRead,Panaroo_Moderate_MergeParalogs_ShortRead_Bakta,Bakta-ShortRead,Panaroo
Total genes,(0% <= strains <= 100%),4600,Bakta,Panaroo_Sensitive_MergeParalogs,ShortRead,All,1177,1155,3787,3419,Panaroo_Sensitive_MergeParalogs_ShortRead,Panaroo_Sensitive_MergeParalogs_ShortRead_Bakta,Bakta-ShortRead,Panaroo
Core genes,(99% <= strains <= 100%),3576,Bakta,Panaroo_Sensitive_MergeParalogs,ShortRead,All,1177,1155,3787,3419,Panaroo_Sensitive_MergeParalogs_ShortRead,Panaroo_Sensitive_MergeParalogs_ShortRead_Bakta,Bakta-ShortRead,Panaroo
Accessory genes,(0% <= strains < 99%),1024,Bakta,Panaroo_Sensitive_MergeParalogs,ShortRead,All,1177,1155,3787,3419,Panaroo_Sensitive_MergeParalogs_ShortRead,Panaroo_Sensitive_MergeParalogs_ShortRead_Bakta,Bakta-ShortRead,Panaroo
Total genes,(0% <= strains <= 100%),4224,Bakta,Panaroo_Strict,ShortRead,All,1005,1055,2848,3223,Panaroo_Strict_ShortRead,Panaroo_Strict_ShortRead_Bakta,Bakta-ShortRead,Panaroo
Core genes,(99% <= strains <= 100%),3537,Bakta,Panaroo_Strict,ShortRead,All,1005,1055,2848,3223,Panaroo_Strict_ShortRead,Panaroo_Strict_ShortRead_Bakta,Bakta-ShortRead,Panaroo
Accessory genes,(0% <= strains < 99%),687,Bakta,Panaroo_Strict,ShortRead,All,1005,1055,2848,3223,Panaroo_Strict_ShortRead,Panaroo_Strict_ShortRead_Bakta,Bakta-ShortRead,Panaroo
Total genes,(0% <= strains <= 100%),4400,Bakta,Panaroo_Moderate,ShortRead,All,1192,1185,3676,3438,Panaroo_Moderate_ShortRead,Panaroo_Moderate_ShortRead_Bakta,Bakta-ShortRead,Panaroo
Core genes,(99% <= strains <= 100%),3574,Bakta,Panaroo_Moderate,ShortRead,All,1192,1185,3676,3438,Panaroo_Moderate_ShortRead,Panaroo_Moderate_ShortRead_Bakta,Bakta-ShortRead,Panaroo
Accessory genes,(0% <= strains < 99%),826,Bakta,Panaroo_Moderate,ShortRead,All,1192,1185,3676,3438,Panaroo_Moderate_ShortRead,Panaroo_Moderate_ShortRead_Bakta,Bakta-ShortRead,Panaroo
Total genes,(0% <= strains <= 100%),4626,Bakta,Panaroo_Sensitive,ShortRead,All,1239,1209,4039,3490,Panaroo_Sensitive_ShortRead,Panaroo_Sensitive_ShortRead_Bakta,Bakta-ShortRead,Panaroo
Core genes,(99% <= strains <= 100%),3576,Bakta,Panaroo_Sensitive,ShortRead,All,1239,1209,4039,3490,Panaroo_Sensitive_ShortRead,Panaroo_Sensitive_ShortRead_Bakta,Bakta-ShortRead,Panaroo
Accessory genes,(0% <= strains < 99%),1050,Bakta,Panaroo_Sensitive,ShortRead,All,1239,1209,4039,3490,Panaroo_Sensitive_ShortRead,Panaroo_Sensitive_ShortRead_Bakta,Bakta-ShortRead,Panaroo
Total genes,(0% <= strains <= 100%),4866,Bakta,Roary_NoSplitParalogs_I80,ShortRead,All,1915,1473,6449,4385,Roary_NoSplitParalogs_I80_ShortRead,Roary_NoSplitParalogs_I80_ShortRead_Bakta,Bakta-ShortRead,Roary
Core genes,(99% <= strains <= 100%),3324,Bakta,Roary_NoSplitParalogs_I80,ShortRead,All,1915,1473,6449,4385,Roary_NoSplitParalogs_I80_ShortRead,Roary_NoSplitParalogs_I80_ShortRead_Bakta,Bakta-ShortRead,Roary
Accessory genes,(0% <= strains < 99%),1542,Bakta,Roary_NoSplitParalogs_I80,ShortRead,All,1915,1473,6449,4385,Roary_NoSplitParalogs_I80_ShortRead,Roary_NoSplitParalogs_I80_ShortRead_Bakta,Bakta-ShortRead,Roary
Total genes,(0% <= strains <= 100%),4956,Bakta,Roary_NoSplitParalogs_I90,ShortRead,All,2005,1569,6721,4584,Roary_NoSplitParalogs_I90_ShortRead,Roary_NoSplitParalogs_I90_ShortRead_Bakta,Bakta-ShortRead,Roary
Core genes,(99% <= strains <= 100%),3326,Bakta,Roary_NoSplitParalogs_I90,ShortRead,All,2005,1569,6721,4584,Roary_NoSplitParalogs_I90_ShortRead,Roary_NoSplitParalogs_I90_ShortRead_Bakta,Bakta-ShortRead,Roary
Accessory genes,(0% <= strains < 99%),1630,Bakta,Roary_NoSplitParalogs_I90,ShortRead,All,2005,1569,6721,4584,Roary_NoSplitParalogs_I90_ShortRead,Roary_NoSplitParalogs_I90_ShortRead_Bakta,Bakta-ShortRead,Roary
Total genes,(0% <= strains <= 100%),5025,Bakta,Roary_NoSplitParalogs,ShortRead,All,1991,1571,6708,4654,Roary_NoSplitParalogs_ShortRead,Roary_NoSplitParalogs_ShortRead_Bakta,Bakta-ShortRead,Roary
Core genes,(99% <= strains <= 100%),3318,Bakta,Roary_NoSplitParalogs,ShortRead,All,1991,1571,6708,4654,Roary_NoSplitParalogs_ShortRead,Roary_NoSplitParalogs_ShortRead_Bakta,Bakta-ShortRead,Roary
Accessory genes,(0% <= strains < 99%),1707,Bakta,Roary_NoSplitParalogs,ShortRead,All,1991,1571,6708,4654,Roary_NoSplitParalogs_ShortRead,Roary_NoSplitParalogs_ShortRead_Bakta,Bakta-ShortRead,Roary
Total genes,(0% <= strains <= 100%),6006,Bakta,Roary_Default,ShortRead,All,3651,2847,11682,7272,Roary_Default_ShortRead,Roary_Default_ShortRead_Bakta,Bakta-ShortRead,Roary
Core genes,(99% <= strains <= 100%),3094,Bakta,Roary_Default,ShortRead,All,3651,2847,11682,7272,Roary_Default_ShortRead,Roary_Default_ShortRead_Bakta,Bakta-ShortRead,Roary
Accessory genes,(0% <= strains < 99%),2912,Bakta,Roary_Default,ShortRead,All,3651,2847,11682,7272,Roary_Default_ShortRead,Roary_Default_ShortRead_Bakta,Bakta-ShortRead,Roary
Total genes,(0% <= strains <= 100%),5127,Bakta,Ppanggolin_I0.80C0.60,ShortRead,All,2414,1827,7711,4901,Ppanggolin_I0.80C0.60_ShortRead,Ppanggolin_I0.80C0.60_ShortRead_Bakta,Bakta-ShortRead,Ppanggolin
Core genes,(99% <= strains <= 100%),3297,Bakta,Ppanggolin_I0.80C0.60,ShortRead,All,2414,1827,7711,4901,Ppanggolin_I0.80C0.60_ShortRead,Ppanggolin_I0.80C0.60_ShortRead_Bakta,Bakta-ShortRead,Ppanggolin
Accessory genes,(0% <= strains < 99%),1830,Bakta,Ppanggolin_I0.80C0.60,ShortRead,All,2414,1827,7711,4901,Ppanggolin_I0.80C0.60_ShortRead,Ppanggolin_I0.80C0.60_ShortRead_Bakta,Bakta-ShortRead,Ppanggolin
Total genes,(0% <= strains <= 100%),5408,Bakta,Ppanggolin_I0.80C0.80,ShortRead,All,2738,2002,8778,5186,Ppanggolin_I0.80C0.80_ShortRead,Ppanggolin_I0.80C0.80_ShortRead_Bakta,Bakta-ShortRead,Ppanggolin
Core genes,(99% <= strains <= 100%),3247,Bakta,Ppanggolin_I0.80C0.80,ShortRead,All,2738,2002,8778,5186,Ppanggolin_I0.80C0.80_ShortRead,Ppanggolin_I0.80C0.80_ShortRead_Bakta,Bakta-ShortRead,Ppanggolin
Accessory genes,(0% <= strains < 99%),2161,Bakta,Ppanggolin_I0.80C0.80,ShortRead,All,2738,2002,8778,5186,Ppanggolin_I0.80C0.80_ShortRead,Ppanggolin_I0.80C0.80_ShortRead_Bakta,Bakta-ShortRead,Ppanggolin
Total genes,(0% <= strains <= 100%),5787,Bakta,Ppanggolin_I0.80C0.90,ShortRead,All,3174,2288,10201,5654,Ppanggolin_I0.80C0.90_ShortRead,Ppanggolin_I0.80C0.90_ShortRead_Bakta,Bakta-ShortRead,Ppanggolin
Core genes,(99% <= strains <= 100%),3189,Bakta,Ppanggolin_I0.80C0.90,ShortRead,All,3174,2288,10201,5654,Ppanggolin_I0.80C0.90_ShortRead,Ppanggolin_I0.80C0.90_ShortRead_Bakta,Bakta-ShortRead,Ppanggolin
Accessory genes,(0% <= strains < 99%),2598,Bakta,Ppanggolin_I0.80C0.90,ShortRead,All,3174,2288,10201,5654,Ppanggolin_I0.80C0.90_ShortRead,Ppanggolin_I0.80C0.90_ShortRead_Bakta,Bakta-ShortRead,Ppanggolin
Total genes,(0% <= strains <= 100%),5379,Bakta,Ppanggolin_I0.90C0.60,ShortRead,All,2599,1925,8487,5111,Ppanggolin_I0.90C0.60_ShortRead,Ppanggolin_I0.90C0.60_ShortRead_Bakta,Bakta-ShortRead,Ppanggolin
Core genes,(99% <= strains <= 100%),3295,Bakta,Ppanggolin_I0.90C0.60,ShortRead,All,2599,1925,8487,5111,Ppanggolin_I0.90C0.60_ShortRead,Ppanggolin_I0.90C0.60_ShortRead_Bakta,Bakta-ShortRead,Ppanggolin
Accessory genes,(0% <= strains < 99%),2084,Bakta,Ppanggolin_I0.90C0.60,ShortRead,All,2599,1925,8487,5111,Ppanggolin_I0.90C0.60_ShortRead,Ppanggolin_I0.90C0.60_ShortRead_Bakta,Bakta-ShortRead,Ppanggolin
Total genes,(0% <= strains <= 100%),5703,Bakta,Ppanggolin_I0.90C0.80,ShortRead,All,3006,2206,9736,5426,Ppanggolin_I0.90C0.80_ShortRead,Ppanggolin_I0.90C0.80_ShortRead_Bakta,Bakta-ShortRead,Ppanggolin
Core genes,(99% <= strains <= 100%),3234,Bakta,Ppanggolin_I0.90C0.80,ShortRead,All,3006,2206,9736,5426,Ppanggolin_I0.90C0.80_ShortRead,Ppanggolin_I0.90C0.80_ShortRead_Bakta,Bakta-ShortRead,Ppanggolin
Accessory genes,(0% <= strains < 99%),2469,Bakta,Ppanggolin_I0.90C0.80,ShortRead,All,3006,2206,9736,5426,Ppanggolin_I0.90C0.80_ShortRead,Ppanggolin_I0.90C0.80_ShortRead_Bakta,Bakta-ShortRead,Ppanggolin
Total genes,(0% <= strains <= 100%),6052,Bakta,Ppanggolin_I0.90C0.90,ShortRead,All,3322,2396,10824,5810,Ppanggolin_I0.90C0.90_ShortRead,Ppanggolin_I0.90C0.90_ShortRead_Bakta,Bakta-ShortRead,Ppanggolin
Core genes,(99% <= strains <= 100%),3178,Bakta,Ppanggolin_I0.90C0.90,ShortRead,All,3322,2396,10824,5810,Ppanggolin_I0.90C0.90_ShortRead,Ppanggolin_I0.90C0.90_ShortRead_Bakta,Bakta-ShortRead,Ppanggolin
Accessory genes,(0% <= strains < 99%),2874,Bakta,Ppanggolin_I0.90C0.90,ShortRead,All,3322,2396,10824,5810,Ppanggolin_I0.90C0.90_ShortRead,Ppanggolin_I0.90C0.90_ShortRead_Bakta,Bakta-ShortRead,Ppanggolin
Total genes,(0% <= strains <= 100%),6078,Bakta,Ppanggolin_I0.98C0.60,ShortRead,All,2881,2110,9653,5561,Ppanggolin_I0.98C0.60_ShortRead,Ppanggolin_I0.98C0.60_ShortRead_Bakta,Bakta-ShortRead,Ppanggolin
Core genes,(99% <= strains <= 100%),3234,Bakta,Ppanggolin_I0.98C0.60,ShortRead,All,2881,2110,9653,5561,Ppanggolin_I0.98C0.60_ShortRead,Ppanggolin_I0.98C0.60_ShortRead_Bakta,Bakta-ShortRead,Ppanggolin
Accessory genes,(0% <= strains < 99%),2844,Bakta,Ppanggolin_I0.98C0.60,ShortRead,All,2881,2110,9653,5561,Ppanggolin_I0.98C0.60_ShortRead,Ppanggolin_I0.98C0.60_ShortRead_Bakta,Bakta-ShortRead,Ppanggolin
Total genes,(0% <= strains <= 100%),6418,Bakta,Ppanggolin_I0.98C0.80,ShortRead,All,3171,2293,10814,5776,Ppanggolin_I0.98C0.80_ShortRead,Ppanggolin_I0.98C0.80_ShortRead_Bakta,Bakta-ShortRead,Ppanggolin
Accessory genes,(0% <= strains < 99%),3235,Bakta,Ppanggolin_I0.98C0.80,ShortRead,All,3171,2293,10814,5776,Ppanggolin_I0.98C0.80_ShortRead,Ppanggolin_I0.98C0.80_ShortRead_Bakta,Bakta-ShortRead,Ppanggolin
Core genes,(99% <= strains <= 100%),3183,Bakta,Ppanggolin_I0.98C0.80,ShortRead,All,3171,2293,10814,5776,Ppanggolin_I0.98C0.80_ShortRead,Ppanggolin_I0.98C0.80_ShortRead_Bakta,Bakta-ShortRead,Ppanggolin
Total genes,(0% <= strains <= 100%),6728,Bakta,Ppanggolin_I0.98C0.90,ShortRead,All,3464,2462,11653,6100,Ppanggolin_I0.98C0.90_ShortRead,Ppanggolin_I0.98C0.90_ShortRead_Bakta,Bakta-ShortRead,Ppanggolin
Accessory genes,(0% <= strains < 99%),3602,Bakta,Ppanggolin_I0.98C0.90,ShortRead,All,3464,2462,11653,6100,Ppanggolin_I0.98C0.90_ShortRead,Ppanggolin_I0.98C0.90_ShortRead_Bakta,Bakta-ShortRead,Ppanggolin
Core genes,(99% <= strains <= 100%),3126,Bakta,Ppanggolin_I0.98C0.90,ShortRead,All,3464,2462,11653,6100,Ppanggolin_I0.98C0.90_ShortRead,Ppanggolin_I0.98C0.90_ShortRead_Bakta,Bakta-ShortRead,Ppanggolin
Total genes,(0% <= strains <= 100%),4265,Bakta,Pangene_0.9.Miniprot0.95,ShortRead,All,1725,1653,4791,3858,Pangene_0.9.Miniprot0.95_ShortRead,Pangene_0.9.Miniprot0.95_ShortRead_Bakta,Bakta-ShortRead,Pangene
Core genes,(99% <= strains <= 100%),3365,Bakta,Pangene_0.9.Miniprot0.95,ShortRead,All,1725,1653,4791,3858,Pangene_0.9.Miniprot0.95_ShortRead,Pangene_0.9.Miniprot0.95_ShortRead_Bakta,Bakta-ShortRead,Pangene
Accessory genes,(0% <= strains < 99%),900,Bakta,Pangene_0.9.Miniprot0.95,ShortRead,All,1725,1653,4791,3858,Pangene_0.9.Miniprot0.95_ShortRead,Pangene_0.9.Miniprot0.95_ShortRead_Bakta,Bakta-ShortRead,Pangene
Total genes,(0% <= strains <= 100%),4262,Bakta,Pangene_0.9.Miniprot0.98,ShortRead,All,1752,1650,4918,3848,Pangene_0.9.Miniprot0.98_ShortRead,Pangene_0.9.Miniprot0.98_ShortRead_Bakta,Bakta-ShortRead,Pangene
Core genes,(99% <= strains <= 100%),3349,Bakta,Pangene_0.9.Miniprot0.98,ShortRead,All,1752,1650,4918,3848,Pangene_0.9.Miniprot0.98_ShortRead,Pangene_0.9.Miniprot0.98_ShortRead_Bakta,Bakta-ShortRead,Pangene
Accessory genes,(0% <= strains < 99%),913,Bakta,Pangene_0.9.Miniprot0.98,ShortRead,All,1752,1650,4918,3848,Pangene_0.9.Miniprot0.98_ShortRead,Pangene_0.9.Miniprot0.98_ShortRead_Bakta,Bakta-ShortRead,Pangene
Total genes,(0% <= strains <= 100%),4285,Bakta,Pangene_0.9.Miniprot0.99,ShortRead,All,1729,1680,4702,3881,Pangene_0.9.Miniprot0.99_ShortRead,Pangene_0.9.Miniprot0.99_ShortRead_Bakta,Bakta-ShortRead,Pangene
Core genes,(99% <= strains <= 100%),3367,Bakta,Pangene_0.9.Miniprot0.99,ShortRead,All,1729,1680,4702,3881,Pangene_0.9.Miniprot0.99_ShortRead,Pangene_0.9.Miniprot0.99_ShortRead_Bakta,Bakta-ShortRead,Pangene
Accessory genes,(0% <= strains < 99%),918,Bakta,Pangene_0.9.Miniprot0.99,ShortRead,All,1729,1680,4702,3881,Pangene_0.9.Miniprot0.99_ShortRead,Pangene_0.9.Miniprot0.99_ShortRead_Bakta,Bakta-ShortRead,Pangene
Total genes,(0% <= strains <= 100%),4219,Bakta,Pangene_0.9.Miniprot0.9,ShortRead,All,1695,1654,4795,3849,Pangene_0.9.Miniprot0.9_ShortRead,Pangene_0.9.Miniprot0.9_ShortRead_Bakta,Bakta-ShortRead,Pangene
Core genes,(99% <= strains <= 100%),3328,Bakta,Pangene_0.9.Miniprot0.9,ShortRead,All,1695,1654,4795,3849,Pangene_0.9.Miniprot0.9_ShortRead,Pangene_0.9.Miniprot0.9_ShortRead_Bakta,Bakta-ShortRead,Pangene
Accessory genes,(0% <= strains < 99%),891,Bakta,Pangene_0.9.Miniprot0.9,ShortRead,All,1695,1654,4795,3849,Pangene_0.9.Miniprot0.9_ShortRead,Pangene_0.9.Miniprot0.9_ShortRead_Bakta,Bakta-ShortRead,Pangene
Total genes,(0% <= strains <= 100%),4245,Bakta,Pangene_0.95.Miniprot0.95,ShortRead,All,1491,1516,4298,3612,Pangene_0.95.Miniprot0.95_ShortRead,Pangene_0.95.Miniprot0.95_ShortRead_Bakta,Bakta-ShortRead,Pangene
Core genes,(99% <= strains <= 100%),3358,Bakta,Pangene_0.95.Miniprot0.95,ShortRead,All,1491,1516,4298,3612,Pangene_0.95.Miniprot0.95_ShortRead,Pangene_0.95.Miniprot0.95_ShortRead_Bakta,Bakta-ShortRead,Pangene
Accessory genes,(0% <= strains < 99%),887,Bakta,Pangene_0.95.Miniprot0.95,ShortRead,All,1491,1516,4298,3612,Pangene_0.95.Miniprot0.95_ShortRead,Pangene_0.95.Miniprot0.95_ShortRead_Bakta,Bakta-ShortRead,Pangene
Total genes,(0% <= strains <= 100%),4272,Bakta,Pangene_0.95.Miniprot0.98,ShortRead,All,1512,1493,4431,3695,Pangene_0.95.Miniprot0.98_ShortRead,Pangene_0.95.Miniprot0.98_ShortRead_Bakta,Bakta-ShortRead,Pangene
Core genes,(99% <= strains <= 100%),3354,Bakta,Pangene_0.95.Miniprot0.98,ShortRead,All,1512,1493,4431,3695,Pangene_0.95.Miniprot0.98_ShortRead,Pangene_0.95.Miniprot0.98_ShortRead_Bakta,Bakta-ShortRead,Pangene
Accessory genes,(0% <= strains < 99%),918,Bakta,Pangene_0.95.Miniprot0.98,ShortRead,All,1512,1493,4431,3695,Pangene_0.95.Miniprot0.98_ShortRead,Pangene_0.95.Miniprot0.98_ShortRead_Bakta,Bakta-ShortRead,Pangene
Total genes,(0% <= strains <= 100%),4246,Bakta,Pangene_0.95.Miniprot0.99,ShortRead,All,1538,1565,4380,3715,Pangene_0.95.Miniprot0.99_ShortRead,Pangene_0.95.Miniprot0.99_ShortRead_Bakta,Bakta-ShortRead,Pangene
Core genes,(99% <= strains <= 100%),3341,Bakta,Pangene_0.95.Miniprot0.99,ShortRead,All,1538,1565,4380,3715,Pangene_0.95.Miniprot0.99_ShortRead,Pangene_0.95.Miniprot0.99_ShortRead_Bakta,Bakta-ShortRead,Pangene
Accessory genes,(0% <= strains < 99%),905,Bakta,Pangene_0.95.Miniprot0.99,ShortRead,All,1538,1565,4380,3715,Pangene_0.95.Miniprot0.99_ShortRead,Pangene_0.95.Miniprot0.99_ShortRead_Bakta,Bakta-ShortRead,Pangene
Total genes,(0% <= strains <= 100%),4223,Bakta,Pangene_0.95.Miniprot0.9,ShortRead,All,1365,1422,4106,3463,Pangene_0.95.Miniprot0.9_ShortRead,Pangene_0.95.Miniprot0.9_ShortRead_Bakta,Bakta-ShortRead,Pangene
Core genes,(99% <= strains <= 100%),3351,Bakta,Pangene_0.95.Miniprot0.9,ShortRead,All,1365,1422,4106,3463,Pangene_0.95.Miniprot0.9_ShortRead,Pangene_0.95.Miniprot0.9_ShortRead_Bakta,Bakta-ShortRead,Pangene
Accessory genes,(0% <= strains < 99%),872,Bakta,Pangene_0.95.Miniprot0.9,ShortRead,All,1365,1422,4106,3463,Pangene_0.95.Miniprot0.9_ShortRead,Pangene_0.95.Miniprot0.9_ShortRead_Bakta,Bakta-ShortRead,Pangene
Total genes,(0% <= strains <= 100%),4289,Bakta,Pangene_0.98.Miniprot0.95,ShortRead,All,1561,1519,4321,3746,Pangene_0.98.Miniprot0.95_ShortRead,Pangene_0.98.Miniprot0.95_ShortRead_Bakta,Bakta-ShortRead,Pangene
Core genes,(99% <= strains <= 100%),3344,Bakta,Pangene_0.98.Miniprot0.95,ShortRead,All,1561,1519,4321,3746,Pangene_0.98.Miniprot0.95_ShortRead,Pangene_0.98.Miniprot0.95_ShortRead_Bakta,Bakta-ShortRead,Pangene
Accessory genes,(0% <= strains < 99%),945,Bakta,Pangene_0.98.Miniprot0.95,ShortRead,All,1561,1519,4321,3746,Pangene_0.98.Miniprot0.95_ShortRead,Pangene_0.98.Miniprot0.95_ShortRead_Bakta,Bakta-ShortRead,Pangene
Total genes,(0% <= strains <= 100%),4291,Bakta,Pangene_0.98.Miniprot0.98,ShortRead,All,1642,1585,4667,3808,Pangene_0.98.Miniprot0.98_ShortRead,Pangene_0.98.Miniprot0.98_ShortRead_Bakta,Bakta-ShortRead,Pangene
Core genes,(99% <= strains <= 100%),3332,Bakta,Pangene_0.98.Miniprot0.98,ShortRead,All,1642,1585,4667,3808,Pangene_0.98.Miniprot0.98_ShortRead,Pangene_0.98.Miniprot0.98_ShortRead_Bakta,Bakta-ShortRead,Pangene
Accessory genes,(0% <= strains < 99%),959,Bakta,Pangene_0.98.Miniprot0.98,ShortRead,All,1642,1585,4667,3808,Pangene_0.98.Miniprot0.98_ShortRead,Pangene_0.98.Miniprot0.98_ShortRead_Bakta,Bakta-ShortRead,Pangene
Total genes,(0% <= strains <= 100%),4278,Bakta,Pangene_0.98.Miniprot0.99,ShortRead,All,1588,1540,4398,3831,Pangene_0.98.Miniprot0.99_ShortRead,Pangene_0.98.Miniprot0.99_ShortRead_Bakta,Bakta-ShortRead,Pangene
Core genes,(99% <= strains <= 100%),3329,Bakta,Pangene_0.98.Miniprot0.99,ShortRead,All,1588,1540,4398,3831,Pangene_0.98.Miniprot0.99_ShortRead,Pangene_0.98.Miniprot0.99_ShortRead_Bakta,Bakta-ShortRead,Pangene
Accessory genes,(0% <= strains < 99%),949,Bakta,Pangene_0.98.Miniprot0.99,ShortRead,All,1588,1540,4398,3831,Pangene_0.98.Miniprot0.99_ShortRead,Pangene_0.98.Miniprot0.99_ShortRead_Bakta,Bakta-ShortRead,Pangene
Total genes,(0% <= strains <= 100%),4236,Bakta,Pangene_0.98.Miniprot0.9,ShortRead,All,1546,1498,4363,3720,Pangene_0.98.Miniprot0.9_ShortRead,Pangene_0.98.Miniprot0.9_ShortRead_Bakta,Bakta-ShortRead,Pangene
Core genes,(99% <= strains <= 100%),3306,Bakta,Pangene_0.98.Miniprot0.9,ShortRead,All,1546,1498,4363,3720,Pangene_0.98.Miniprot0.9_ShortRead,Pangene_0.98.Miniprot0.9_ShortRead_Bakta,Bakta-ShortRead,Pangene
Accessory genes,(0% <= strains < 99%),930,Bakta,Pangene_0.98.Miniprot0.9,ShortRead,All,1546,1498,4363,3720,Pangene_0.98.Miniprot0.9_ShortRead,Pangene_0.98.Miniprot0.9_ShortRead_Bakta,Bakta-ShortRead,Pangene
Total genes,(0% <= strains <= 100%),4063,PGAP,Panaroo_Strict_MergeParalogs,LongRead,All,159,553,384,806,Panaroo_Strict_MergeParalogs_LongRead,Panaroo_Strict_MergeParalogs_LongRead_PGAP,PGAP-LongRead,Panaroo
Core genes,(99% <= strains <= 100%),3750,PGAP,Panaroo_Strict_MergeParalogs,LongRead,All,159,553,384,806,Panaroo_Strict_MergeParalogs_LongRead,Panaroo_Strict_MergeParalogs_LongRead_PGAP,PGAP-LongRead,Panaroo
Accessory genes,(0% <= strains < 99%),313,PGAP,Panaroo_Strict_MergeParalogs,LongRead,All,159,553,384,806,Panaroo_Strict_MergeParalogs_LongRead,Panaroo_Strict_MergeParalogs_LongRead_PGAP,PGAP-LongRead,Panaroo
Total genes,(0% <= strains <= 100%),4128,PGAP,Panaroo_Moderate_MergeParalogs,LongRead,All,186,590,436,854,Panaroo_Moderate_MergeParalogs_LongRead,Panaroo_Moderate_MergeParalogs_LongRead_PGAP,PGAP-LongRead,Panaroo
Core genes,(99% <= strains <= 100%),3792,PGAP,Panaroo_Moderate_MergeParalogs,LongRead,All,186,590,436,854,Panaroo_Moderate_MergeParalogs_LongRead,Panaroo_Moderate_MergeParalogs_LongRead_PGAP,PGAP-LongRead,Panaroo
Accessory genes,(0% <= strains < 99%),336,PGAP,Panaroo_Moderate_MergeParalogs,LongRead,All,186,590,436,854,Panaroo_Moderate_MergeParalogs_LongRead,Panaroo_Moderate_MergeParalogs_LongRead_PGAP,PGAP-LongRead,Panaroo
Total genes,(0% <= strains <= 100%),4128,PGAP,Panaroo_Sensitive_MergeParalogs,LongRead,All,186,590,436,854,Panaroo_Sensitive_MergeParalogs_LongRead,Panaroo_Sensitive_MergeParalogs_LongRead_PGAP,PGAP-LongRead,Panaroo
Core genes,(99% <= strains <= 100%),3792,PGAP,Panaroo_Sensitive_MergeParalogs,LongRead,All,186,590,436,854,Panaroo_Sensitive_MergeParalogs_LongRead,Panaroo_Sensitive_MergeParalogs_LongRead_PGAP,PGAP-LongRead,Panaroo
Accessory genes,(0% <= strains < 99%),336,PGAP,Panaroo_Sensitive_MergeParalogs,LongRead,All,186,590,436,854,Panaroo_Sensitive_MergeParalogs_LongRead,Panaroo_Sensitive_MergeParalogs_LongRead_PGAP,PGAP-LongRead,Panaroo
Total genes,(0% <= strains <= 100%),4118,PGAP,Panaroo_Strict,LongRead,All,165,584,429,875,Panaroo_Strict_LongRead,Panaroo_Strict_LongRead_PGAP,PGAP-LongRead,Panaroo
Core genes,(99% <= strains <= 100%),3761,PGAP,Panaroo_Strict,LongRead,All,165,584,429,875,Panaroo_Strict_LongRead,Panaroo_Strict_LongRead_PGAP,PGAP-LongRead,Panaroo
Accessory genes,(0% <= strains < 99%),357,PGAP,Panaroo_Strict,LongRead,All,165,584,429,875,Panaroo_Strict_LongRead,Panaroo_Strict_LongRead_PGAP,PGAP-LongRead,Panaroo
Total genes,(0% <= strains <= 100%),4184,PGAP,Panaroo_Moderate,LongRead,All,194,624,484,925,Panaroo_Moderate_LongRead,Panaroo_Moderate_LongRead_PGAP,PGAP-LongRead,Panaroo
Core genes,(99% <= strains <= 100%),3803,PGAP,Panaroo_Moderate,LongRead,All,194,624,484,925,Panaroo_Moderate_LongRead,Panaroo_Moderate_LongRead_PGAP,PGAP-LongRead,Panaroo
Accessory genes,(0% <= strains < 99%),381,PGAP,Panaroo_Moderate,LongRead,All,194,624,484,925,Panaroo_Moderate_LongRead,Panaroo_Moderate_LongRead_PGAP,PGAP-LongRead,Panaroo
Total genes,(0% <= strains <= 100%),4184,PGAP,Panaroo_Sensitive,LongRead,All,194,624,484,925,Panaroo_Sensitive_LongRead,Panaroo_Sensitive_LongRead_PGAP,PGAP-LongRead,Panaroo
Core genes,(99% <= strains <= 100%),3803,PGAP,Panaroo_Sensitive,LongRead,All,194,624,484,925,Panaroo_Sensitive_LongRead,Panaroo_Sensitive_LongRead_PGAP,PGAP-LongRead,Panaroo
Accessory genes,(0% <= strains < 99%),381,PGAP,Panaroo_Sensitive,LongRead,All,194,624,484,925,Panaroo_Sensitive_LongRead,Panaroo_Sensitive_LongRead_PGAP,PGAP-LongRead,Panaroo
Total genes,(0% <= strains <= 100%),4056,PGAP,Roary_NoSplitParalogs_I80,LongRead,All,249,896,627,1689,Roary_NoSplitParalogs_I80_LongRead,Roary_NoSplitParalogs_I80_LongRead_PGAP,PGAP-LongRead,Roary
Core genes,(99% <= strains <= 100%),3347,PGAP,Roary_NoSplitParalogs_I80,LongRead,All,249,896,627,1689,Roary_NoSplitParalogs_I80_LongRead,Roary_NoSplitParalogs_I80_LongRead_PGAP,PGAP-LongRead,Roary
Accessory genes,(0% <= strains < 99%),709,PGAP,Roary_NoSplitParalogs_I80,LongRead,All,249,896,627,1689,Roary_NoSplitParalogs_I80_LongRead,Roary_NoSplitParalogs_I80_LongRead_PGAP,PGAP-LongRead,Roary
Total genes,(0% <= strains <= 100%),4106,PGAP,Roary_NoSplitParalogs_I90,LongRead,All,345,1021,988,1873,Roary_NoSplitParalogs_I90_LongRead,Roary_NoSplitParalogs_I90_LongRead_PGAP,PGAP-LongRead,Roary
Core genes,(99% <= strains <= 100%),3345,PGAP,Roary_NoSplitParalogs_I90,LongRead,All,345,1021,988,1873,Roary_NoSplitParalogs_I90_LongRead,Roary_NoSplitParalogs_I90_LongRead_PGAP,PGAP-LongRead,Roary
Accessory genes,(0% <= strains < 99%),761,PGAP,Roary_NoSplitParalogs_I90,LongRead,All,345,1021,988,1873,Roary_NoSplitParalogs_I90_LongRead,Roary_NoSplitParalogs_I90_LongRead_PGAP,PGAP-LongRead,Roary
Total genes,(0% <= strains <= 100%),4144,PGAP,Roary_NoSplitParalogs,LongRead,All,388,1055,1076,1933,Roary_NoSplitParalogs_LongRead,Roary_NoSplitParalogs_LongRead_PGAP,PGAP-LongRead,Roary
Core genes,(99% <= strains <= 100%),3337,PGAP,Roary_NoSplitParalogs,LongRead,All,388,1055,1076,1933,Roary_NoSplitParalogs_LongRead,Roary_NoSplitParalogs_LongRead_PGAP,PGAP-LongRead,Roary
Accessory genes,(0% <= strains < 99%),807,PGAP,Roary_NoSplitParalogs,LongRead,All,388,1055,1076,1933,Roary_NoSplitParalogs_LongRead,Roary_NoSplitParalogs_LongRead_PGAP,PGAP-LongRead,Roary
Total genes,(0% <= strains <= 100%),4482,PGAP,Roary_Default,LongRead,All,811,1383,2083,2607,Roary_Default_LongRead,Roary_Default_LongRead_PGAP,PGAP-LongRead,Roary
Core genes,(99% <= strains <= 100%),3305,PGAP,Roary_Default,LongRead,All,811,1383,2083,2607,Roary_Default_LongRead,Roary_Default_LongRead_PGAP,PGAP-LongRead,Roary
Accessory genes,(0% <= strains < 99%),1177,PGAP,Roary_Default,LongRead,All,811,1383,2083,2607,Roary_Default_LongRead,Roary_Default_LongRead_PGAP,PGAP-LongRead,Roary
Total genes,(0% <= strains <= 100%),4061,PGAP,Ppanggolin_I0.80C0.60,LongRead,All,412,1168,1139,2165,Ppanggolin_I0.80C0.60_LongRead,Ppanggolin_I0.80C0.60_LongRead_PGAP,PGAP-LongRead,Ppanggolin
Core genes,(99% <= strains <= 100%),3215,PGAP,Ppanggolin_I0.80C0.60,LongRead,All,412,1168,1139,2165,Ppanggolin_I0.80C0.60_LongRead,Ppanggolin_I0.80C0.60_LongRead_PGAP,PGAP-LongRead,Ppanggolin
Accessory genes,(0% <= strains < 99%),846,PGAP,Ppanggolin_I0.80C0.60,LongRead,All,412,1168,1139,2165,Ppanggolin_I0.80C0.60_LongRead,Ppanggolin_I0.80C0.60_LongRead_PGAP,PGAP-LongRead,Ppanggolin
Total genes,(0% <= strains <= 100%),4113,PGAP,Ppanggolin_I0.80C0.80,LongRead,All,450,1184,1284,2209,Ppanggolin_I0.80C0.80_LongRead,Ppanggolin_I0.80C0.80_LongRead_PGAP,PGAP-LongRead,Ppanggolin
Core genes,(99% <= strains <= 100%),3208,PGAP,Ppanggolin_I0.80C0.80,LongRead,All,450,1184,1284,2209,Ppanggolin_I0.80C0.80_LongRead,Ppanggolin_I0.80C0.80_LongRead_PGAP,PGAP-LongRead,Ppanggolin
Accessory genes,(0% <= strains < 99%),905,PGAP,Ppanggolin_I0.80C0.80,LongRead,All,450,1184,1284,2209,Ppanggolin_I0.80C0.80_LongRead,Ppanggolin_I0.80C0.80_LongRead_PGAP,PGAP-LongRead,Ppanggolin
Total genes,(0% <= strains <= 100%),4180,PGAP,Ppanggolin_I0.80C0.90,LongRead,All,518,1217,1430,2295,Ppanggolin_I0.80C0.90_LongRead,Ppanggolin_I0.80C0.90_LongRead_PGAP,PGAP-LongRead,Ppanggolin
Core genes,(99% <= strains <= 100%),3195,PGAP,Ppanggolin_I0.80C0.90,LongRead,All,518,1217,1430,2295,Ppanggolin_I0.80C0.90_LongRead,Ppanggolin_I0.80C0.90_LongRead_PGAP,PGAP-LongRead,Ppanggolin
Accessory genes,(0% <= strains < 99%),985,PGAP,Ppanggolin_I0.80C0.90,LongRead,All,518,1217,1430,2295,Ppanggolin_I0.80C0.90_LongRead,Ppanggolin_I0.80C0.90_LongRead_PGAP,PGAP-LongRead,Ppanggolin
Total genes,(0% <= strains <= 100%),4161,PGAP,Ppanggolin_I0.90C0.60,LongRead,All,433,1199,1118,2245,Ppanggolin_I0.90C0.60_LongRead,Ppanggolin_I0.90C0.60_LongRead_PGAP,PGAP-LongRead,Ppanggolin
Core genes,(99% <= strains <= 100%),3221,PGAP,Ppanggolin_I0.90C0.60,LongRead,All,433,1199,1118,2245,Ppanggolin_I0.90C0.60_LongRead,Ppanggolin_I0.90C0.60_LongRead_PGAP,PGAP-LongRead,Ppanggolin
Accessory genes,(0% <= strains < 99%),940,PGAP,Ppanggolin_I0.90C0.60,LongRead,All,433,1199,1118,2245,Ppanggolin_I0.90C0.60_LongRead,Ppanggolin_I0.90C0.60_LongRead_PGAP,PGAP-LongRead,Ppanggolin
Total genes,(0% <= strains <= 100%),4209,PGAP,Ppanggolin_I0.90C0.80,LongRead,All,479,1231,1271,2288,Ppanggolin_I0.90C0.80_LongRead,Ppanggolin_I0.90C0.80_LongRead_PGAP,PGAP-LongRead,Ppanggolin
Core genes,(99% <= strains <= 100%),3211,PGAP,Ppanggolin_I0.90C0.80,LongRead,All,479,1231,1271,2288,Ppanggolin_I0.90C0.80_LongRead,Ppanggolin_I0.90C0.80_LongRead_PGAP,PGAP-LongRead,Ppanggolin
Accessory genes,(0% <= strains < 99%),998,PGAP,Ppanggolin_I0.90C0.80,LongRead,All,479,1231,1271,2288,Ppanggolin_I0.90C0.80_LongRead,Ppanggolin_I0.90C0.80_LongRead_PGAP,PGAP-LongRead,Ppanggolin
Total genes,(0% <= strains <= 100%),4264,PGAP,Ppanggolin_I0.90C0.90,LongRead,All,546,1267,1423,2369,Ppanggolin_I0.90C0.90_LongRead,Ppanggolin_I0.90C0.90_LongRead_PGAP,PGAP-LongRead,Ppanggolin
Core genes,(99% <= strains <= 100%),3201,PGAP,Ppanggolin_I0.90C0.90,LongRead,All,546,1267,1423,2369,Ppanggolin_I0.90C0.90_LongRead,Ppanggolin_I0.90C0.90_LongRead_PGAP,PGAP-LongRead,Ppanggolin
Accessory genes,(0% <= strains < 99%),1063,PGAP,Ppanggolin_I0.90C0.90,LongRead,All,546,1267,1423,2369,Ppanggolin_I0.90C0.90_LongRead,Ppanggolin_I0.90C0.90_LongRead_PGAP,PGAP-LongRead,Ppanggolin
Total genes,(0% <= strains <= 100%),4559,PGAP,Ppanggolin_I0.98C0.60,LongRead,All,510,1272,1327,2420,Ppanggolin_I0.98C0.60_LongRead,Ppanggolin_I0.98C0.60_LongRead_PGAP,PGAP-LongRead,Ppanggolin
Core genes,(99% <= strains <= 100%),3187,PGAP,Ppanggolin_I0.98C0.60,LongRead,All,510,1272,1327,2420,Ppanggolin_I0.98C0.60_LongRead,Ppanggolin_I0.98C0.60_LongRead_PGAP,PGAP-LongRead,Ppanggolin
Accessory genes,(0% <= strains < 99%),1372,PGAP,Ppanggolin_I0.98C0.60,LongRead,All,510,1272,1327,2420,Ppanggolin_I0.98C0.60_LongRead,Ppanggolin_I0.98C0.60_LongRead_PGAP,PGAP-LongRead,Ppanggolin
Total genes,(0% <= strains <= 100%),4612,PGAP,Ppanggolin_I0.98C0.80,LongRead,All,544,1278,1469,2465,Ppanggolin_I0.98C0.80_LongRead,Ppanggolin_I0.98C0.80_LongRead_PGAP,PGAP-LongRead,Ppanggolin
Core genes,(99% <= strains <= 100%),3181,PGAP,Ppanggolin_I0.98C0.80,LongRead,All,544,1278,1469,2465,Ppanggolin_I0.98C0.80_LongRead,Ppanggolin_I0.98C0.80_LongRead_PGAP,PGAP-LongRead,Ppanggolin
Accessory genes,(0% <= strains < 99%),1431,PGAP,Ppanggolin_I0.98C0.80,LongRead,All,544,1278,1469,2465,Ppanggolin_I0.98C0.80_LongRead,Ppanggolin_I0.98C0.80_LongRead_PGAP,PGAP-LongRead,Ppanggolin
Total genes,(0% <= strains <= 100%),4666,PGAP,Ppanggolin_I0.98C0.90,LongRead,All,609,1331,1635,2547,Ppanggolin_I0.98C0.90_LongRead,Ppanggolin_I0.98C0.90_LongRead_PGAP,PGAP-LongRead,Ppanggolin
Core genes,(99% <= strains <= 100%),3171,PGAP,Ppanggolin_I0.98C0.90,LongRead,All,609,1331,1635,2547,Ppanggolin_I0.98C0.90_LongRead,Ppanggolin_I0.98C0.90_LongRead_PGAP,PGAP-LongRead,Ppanggolin
Accessory genes,(0% <= strains < 99%),1495,PGAP,Ppanggolin_I0.98C0.90,LongRead,All,609,1331,1635,2547,Ppanggolin_I0.98C0.90_LongRead,Ppanggolin_I0.98C0.90_LongRead_PGAP,PGAP-LongRead,Ppanggolin
Total genes,(0% <= strains <= 100%),4093,PGAP,Pangene_0.9.Miniprot0.95,LongRead,All,92,433,166,555,Pangene_0.9.Miniprot0.95_LongRead,Pangene_0.9.Miniprot0.95_LongRead_PGAP,PGAP-LongRead,Pangene
Core genes,(99% <= strains <= 100%),3816,PGAP,Pangene_0.9.Miniprot0.95,LongRead,All,92,433,166,555,Pangene_0.9.Miniprot0.95_LongRead,Pangene_0.9.Miniprot0.95_LongRead_PGAP,PGAP-LongRead,Pangene
Accessory genes,(0% <= strains < 99%),277,PGAP,Pangene_0.9.Miniprot0.95,LongRead,All,92,433,166,555,Pangene_0.9.Miniprot0.95_LongRead,Pangene_0.9.Miniprot0.95_LongRead_PGAP,PGAP-LongRead,Pangene
Total genes,(0% <= strains <= 100%),4095,PGAP,Pangene_0.9.Miniprot0.98,LongRead,All,96,427,182,543,Pangene_0.9.Miniprot0.98_LongRead,Pangene_0.9.Miniprot0.98_LongRead_PGAP,PGAP-LongRead,Pangene
Core genes,(99% <= strains <= 100%),3815,PGAP,Pangene_0.9.Miniprot0.98,LongRead,All,96,427,182,543,Pangene_0.9.Miniprot0.98_LongRead,Pangene_0.9.Miniprot0.98_LongRead_PGAP,PGAP-LongRead,Pangene
Accessory genes,(0% <= strains < 99%),280,PGAP,Pangene_0.9.Miniprot0.98,LongRead,All,96,427,182,543,Pangene_0.9.Miniprot0.98_LongRead,Pangene_0.9.Miniprot0.98_LongRead_PGAP,PGAP-LongRead,Pangene
Total genes,(0% <= strains <= 100%),4095,PGAP,Pangene_0.9.Miniprot0.99,LongRead,All,96,431,184,544,Pangene_0.9.Miniprot0.99_LongRead,Pangene_0.9.Miniprot0.99_LongRead_PGAP,PGAP-LongRead,Pangene
Core genes,(99% <= strains <= 100%),3816,PGAP,Pangene_0.9.Miniprot0.99,LongRead,All,96,431,184,544,Pangene_0.9.Miniprot0.99_LongRead,Pangene_0.9.Miniprot0.99_LongRead_PGAP,PGAP-LongRead,Pangene
Accessory genes,(0% <= strains < 99%),279,PGAP,Pangene_0.9.Miniprot0.99,LongRead,All,96,431,184,544,Pangene_0.9.Miniprot0.99_LongRead,Pangene_0.9.Miniprot0.99_LongRead_PGAP,PGAP-LongRead,Pangene
Total genes,(0% <= strains <= 100%),4093,PGAP,Pangene_0.9.Miniprot0.9,LongRead,All,94,430,172,545,Pangene_0.9.Miniprot0.9_LongRead,Pangene_0.9.Miniprot0.9_LongRead_PGAP,PGAP-LongRead,Pangene
Core genes,(99% <= strains <= 100%),3815,PGAP,Pangene_0.9.Miniprot0.9,LongRead,All,94,430,172,545,Pangene_0.9.Miniprot0.9_LongRead,Pangene_0.9.Miniprot0.9_LongRead_PGAP,PGAP-LongRead,Pangene
Accessory genes,(0% <= strains < 99%),278,PGAP,Pangene_0.9.Miniprot0.9,LongRead,All,94,430,172,545,Pangene_0.9.Miniprot0.9_LongRead,Pangene_0.9.Miniprot0.9_LongRead_PGAP,PGAP-LongRead,Pangene
Total genes,(0% <= strains <= 100%),4113,PGAP,Pangene_0.95.Miniprot0.95,LongRead,All,105,434,207,594,Pangene_0.95.Miniprot0.95_LongRead,Pangene_0.95.Miniprot0.95_LongRead_PGAP,PGAP-LongRead,Pangene
Core genes,(99% <= strains <= 100%),3818,PGAP,Pangene_0.95.Miniprot0.95,LongRead,All,105,434,207,594,Pangene_0.95.Miniprot0.95_LongRead,Pangene_0.95.Miniprot0.95_LongRead_PGAP,PGAP-LongRead,Pangene
Accessory genes,(0% <= strains < 99%),295,PGAP,Pangene_0.95.Miniprot0.95,LongRead,All,105,434,207,594,Pangene_0.95.Miniprot0.95_LongRead,Pangene_0.95.Miniprot0.95_LongRead_PGAP,PGAP-LongRead,Pangene
Total genes,(0% <= strains <= 100%),4116,PGAP,Pangene_0.95.Miniprot0.98,LongRead,All,106,442,203,603,Pangene_0.95.Miniprot0.98_LongRead,Pangene_0.95.Miniprot0.98_LongRead_PGAP,PGAP-LongRead,Pangene
Core genes,(99% <= strains <= 100%),3818,PGAP,Pangene_0.95.Miniprot0.98,LongRead,All,106,442,203,603,Pangene_0.95.Miniprot0.98_LongRead,Pangene_0.95.Miniprot0.98_LongRead_PGAP,PGAP-LongRead,Pangene
Accessory genes,(0% <= strains < 99%),298,PGAP,Pangene_0.95.Miniprot0.98,LongRead,All,106,442,203,603,Pangene_0.95.Miniprot0.98_LongRead,Pangene_0.95.Miniprot0.98_LongRead_PGAP,PGAP-LongRead,Pangene
Total genes,(0% <= strains <= 100%),4116,PGAP,Pangene_0.95.Miniprot0.99,LongRead,All,100,449,193,609,Pangene_0.95.Miniprot0.99_LongRead,Pangene_0.95.Miniprot0.99_LongRead_PGAP,PGAP-LongRead,Pangene
Core genes,(99% <= strains <= 100%),3818,PGAP,Pangene_0.95.Miniprot0.99,LongRead,All,100,449,193,609,Pangene_0.95.Miniprot0.99_LongRead,Pangene_0.95.Miniprot0.99_LongRead_PGAP,PGAP-LongRead,Pangene
Accessory genes,(0% <= strains < 99%),298,PGAP,Pangene_0.95.Miniprot0.99,LongRead,All,100,449,193,609,Pangene_0.95.Miniprot0.99_LongRead,Pangene_0.95.Miniprot0.99_LongRead_PGAP,PGAP-LongRead,Pangene
Total genes,(0% <= strains <= 100%),4113,PGAP,Pangene_0.95.Miniprot0.9,LongRead,All,106,451,196,596,Pangene_0.95.Miniprot0.9_LongRead,Pangene_0.95.Miniprot0.9_LongRead_PGAP,PGAP-LongRead,Pangene
Core genes,(99% <= strains <= 100%),3814,PGAP,Pangene_0.95.Miniprot0.9,LongRead,All,106,451,196,596,Pangene_0.95.Miniprot0.9_LongRead,Pangene_0.95.Miniprot0.9_LongRead_PGAP,PGAP-LongRead,Pangene
Accessory genes,(0% <= strains < 99%),299,PGAP,Pangene_0.95.Miniprot0.9,LongRead,All,106,451,196,596,Pangene_0.95.Miniprot0.9_LongRead,Pangene_0.95.Miniprot0.9_LongRead_PGAP,PGAP-LongRead,Pangene
Total genes,(0% <= strains <= 100%),4150,PGAP,Pangene_0.98.Miniprot0.95,LongRead,All,140,477,259,661,Pangene_0.98.Miniprot0.95_LongRead,Pangene_0.98.Miniprot0.95_LongRead_PGAP,PGAP-LongRead,Pangene
Core genes,(99% <= strains <= 100%),3815,PGAP,Pangene_0.98.Miniprot0.95,LongRead,All,140,477,259,661,Pangene_0.98.Miniprot0.95_LongRead,Pangene_0.98.Miniprot0.95_LongRead_PGAP,PGAP-LongRead,Pangene
Accessory genes,(0% <= strains < 99%),335,PGAP,Pangene_0.98.Miniprot0.95,LongRead,All,140,477,259,661,Pangene_0.98.Miniprot0.95_LongRead,Pangene_0.98.Miniprot0.95_LongRead_PGAP,PGAP-LongRead,Pangene
Total genes,(0% <= strains <= 100%),4152,PGAP,Pangene_0.98.Miniprot0.98,LongRead,All,128,472,230,651,Pangene_0.98.Miniprot0.98_LongRead,Pangene_0.98.Miniprot0.98_LongRead_PGAP,PGAP-LongRead,Pangene
Core genes,(99% <= strains <= 100%),3815,PGAP,Pangene_0.98.Miniprot0.98,LongRead,All,128,472,230,651,Pangene_0.98.Miniprot0.98_LongRead,Pangene_0.98.Miniprot0.98_LongRead_PGAP,PGAP-LongRead,Pangene
Accessory genes,(0% <= strains < 99%),337,PGAP,Pangene_0.98.Miniprot0.98,LongRead,All,128,472,230,651,Pangene_0.98.Miniprot0.98_LongRead,Pangene_0.98.Miniprot0.98_LongRead_PGAP,PGAP-LongRead,Pangene
Total genes,(0% <= strains <= 100%),4152,PGAP,Pangene_0.98.Miniprot0.99,LongRead,All,125,462,241,632,Pangene_0.98.Miniprot0.99_LongRead,Pangene_0.98.Miniprot0.99_LongRead_PGAP,PGAP-LongRead,Pangene
Core genes,(99% <= strains <= 100%),3818,PGAP,Pangene_0.98.Miniprot0.99,LongRead,All,125,462,241,632,Pangene_0.98.Miniprot0.99_LongRead,Pangene_0.98.Miniprot0.99_LongRead_PGAP,PGAP-LongRead,Pangene
Accessory genes,(0% <= strains < 99%),334,PGAP,Pangene_0.98.Miniprot0.99,LongRead,All,125,462,241,632,Pangene_0.98.Miniprot0.99_LongRead,Pangene_0.98.Miniprot0.99_LongRead_PGAP,PGAP-LongRead,Pangene
Total genes,(0% <= strains <= 100%),4150,PGAP,Pangene_0.98.Miniprot0.9,LongRead,All,130,480,238,650,Pangene_0.98.Miniprot0.9_LongRead,Pangene_0.98.Miniprot0.9_LongRead_PGAP,PGAP-LongRead,Pangene
Core genes,(99% <= strains <= 100%),3813,PGAP,Pangene_0.98.Miniprot0.9,LongRead,All,130,480,238,650,Pangene_0.98.Miniprot0.9_LongRead,Pangene_0.98.Miniprot0.9_LongRead_PGAP,PGAP-LongRead,Pangene
Accessory genes,(0% <= strains < 99%),337,PGAP,Pangene_0.98.Miniprot0.9,LongRead,All,130,480,238,650,Pangene_0.98.Miniprot0.9_LongRead,Pangene_0.98.Miniprot0.9_LongRead_PGAP,PGAP-LongRead,Pangene
Total genes,(0% <= strains <= 100%),4014,PGAP,Panaroo_Strict_MergeParalogs,ShortRead,All,537,818,1472,2652,Panaroo_Strict_MergeParalogs_ShortRead,Panaroo_Strict_MergeParalogs_ShortRead_PGAP,PGAP-ShortRead,Panaroo
Core genes,(99% <= strains <= 100%),3489,PGAP,Panaroo_Strict_MergeParalogs,ShortRead,All,537,818,1472,2652,Panaroo_Strict_MergeParalogs_ShortRead,Panaroo_Strict_MergeParalogs_ShortRead_PGAP,PGAP-ShortRead,Panaroo
Accessory genes,(0% <= strains < 99%),525,PGAP,Panaroo_Strict_MergeParalogs,ShortRead,All,537,818,1472,2652,Panaroo_Strict_MergeParalogs_ShortRead,Panaroo_Strict_MergeParalogs_ShortRead_PGAP,PGAP-ShortRead,Panaroo
Total genes,(0% <= strains <= 100%),4147,PGAP,Panaroo_Moderate_MergeParalogs,ShortRead,All,659,936,1837,2890,Panaroo_Moderate_MergeParalogs_ShortRead,Panaroo_Moderate_MergeParalogs_ShortRead_PGAP,PGAP-ShortRead,Panaroo
Core genes,(99% <= strains <= 100%),3531,PGAP,Panaroo_Moderate_MergeParalogs,ShortRead,All,659,936,1837,2890,Panaroo_Moderate_MergeParalogs_ShortRead,Panaroo_Moderate_MergeParalogs_ShortRead_PGAP,PGAP-ShortRead,Panaroo
Accessory genes,(0% <= strains < 99%),616,PGAP,Panaroo_Moderate_MergeParalogs,ShortRead,All,659,936,1837,2890,Panaroo_Moderate_MergeParalogs_ShortRead,Panaroo_Moderate_MergeParalogs_ShortRead_PGAP,PGAP-ShortRead,Panaroo
Total genes,(0% <= strains <= 100%),4394,PGAP,Panaroo_Sensitive_MergeParalogs,ShortRead,All,668,944,2091,2913,Panaroo_Sensitive_MergeParalogs_ShortRead,Panaroo_Sensitive_MergeParalogs_ShortRead_PGAP,PGAP-ShortRead,Panaroo
Core genes,(99% <= strains <= 100%),3536,PGAP,Panaroo_Sensitive_MergeParalogs,ShortRead,All,668,944,2091,2913,Panaroo_Sensitive_MergeParalogs_ShortRead,Panaroo_Sensitive_MergeParalogs_ShortRead_PGAP,PGAP-ShortRead,Panaroo
Accessory genes,(0% <= strains < 99%),858,PGAP,Panaroo_Sensitive_MergeParalogs,ShortRead,All,668,944,2091,2913,Panaroo_Sensitive_MergeParalogs_ShortRead,Panaroo_Sensitive_MergeParalogs_ShortRead_PGAP,PGAP-ShortRead,Panaroo
Total genes,(0% <= strains <= 100%),4033,PGAP,Panaroo_Strict,ShortRead,All,615,876,1791,2788,Panaroo_Strict_ShortRead,Panaroo_Strict_ShortRead_PGAP,PGAP-ShortRead,Panaroo
Core genes,(99% <= strains <= 100%),3489,PGAP,Panaroo_Strict,ShortRead,All,615,876,1791,2788,Panaroo_Strict_ShortRead,Panaroo_Strict_ShortRead_PGAP,PGAP-ShortRead,Panaroo
Accessory genes,(0% <= strains < 99%),544,PGAP,Panaroo_Strict,ShortRead,All,615,876,1791,2788,Panaroo_Strict_ShortRead,Panaroo_Strict_ShortRead_PGAP,PGAP-ShortRead,Panaroo
Total genes,(0% <= strains <= 100%),4171,PGAP,Panaroo_Moderate,ShortRead,All,760,1005,2228,3035,Panaroo_Moderate_ShortRead,Panaroo_Moderate_ShortRead_PGAP,PGAP-ShortRead,Panaroo
Core genes,(99% <= strains <= 100%),3531,PGAP,Panaroo_Moderate,ShortRead,All,760,1005,2228,3035,Panaroo_Moderate_ShortRead,Panaroo_Moderate_ShortRead_PGAP,PGAP-ShortRead,Panaroo
Accessory genes,(0% <= strains < 99%),640,PGAP,Panaroo_Moderate,ShortRead,All,760,1005,2228,3035,Panaroo_Moderate_ShortRead,Panaroo_Moderate_ShortRead_PGAP,PGAP-ShortRead,Panaroo
Total genes,(0% <= strains <= 100%),4422,PGAP,Panaroo_Sensitive,ShortRead,All,769,1013,2486,3058,Panaroo_Sensitive_ShortRead,Panaroo_Sensitive_ShortRead_PGAP,PGAP-ShortRead,Panaroo
Core genes,(99% <= strains <= 100%),3536,PGAP,Panaroo_Sensitive,ShortRead,All,769,1013,2486,3058,Panaroo_Sensitive_ShortRead,Panaroo_Sensitive_ShortRead_PGAP,PGAP-ShortRead,Panaroo
Accessory genes,(0% <= strains < 99%),886,PGAP,Panaroo_Sensitive,ShortRead,All,769,1013,2486,3058,Panaroo_Sensitive_ShortRead,Panaroo_Sensitive_ShortRead_PGAP,PGAP-ShortRead,Panaroo
Total genes,(0% <= strains <= 100%),4055,PGAP,Roary_NoSplitParalogs_I80,ShortRead,All,901,1390,2936,4096,Roary_NoSplitParalogs_I80_ShortRead,Roary_NoSplitParalogs_I80_ShortRead_PGAP,PGAP-ShortRead,Roary
Core genes,(99% <= strains <= 100%),2912,PGAP,Roary_NoSplitParalogs_I80,ShortRead,All,901,1390,2936,4096,Roary_NoSplitParalogs_I80_ShortRead,Roary_NoSplitParalogs_I80_ShortRead_PGAP,PGAP-ShortRead,Roary
Accessory genes,(0% <= strains < 99%),1143,PGAP,Roary_NoSplitParalogs_I80,ShortRead,All,901,1390,2936,4096,Roary_NoSplitParalogs_I80_ShortRead,Roary_NoSplitParalogs_I80_ShortRead_PGAP,PGAP-ShortRead,Roary
Total genes,(0% <= strains <= 100%),4106,PGAP,Roary_NoSplitParalogs_I90,ShortRead,All,1011,1546,3203,4410,Roary_NoSplitParalogs_I90_ShortRead,Roary_NoSplitParalogs_I90_ShortRead_PGAP,PGAP-ShortRead,Roary
Core genes,(99% <= strains <= 100%),2910,PGAP,Roary_NoSplitParalogs_I90,ShortRead,All,1011,1546,3203,4410,Roary_NoSplitParalogs_I90_ShortRead,Roary_NoSplitParalogs_I90_ShortRead_PGAP,PGAP-ShortRead,Roary
Accessory genes,(0% <= strains < 99%),1196,PGAP,Roary_NoSplitParalogs_I90,ShortRead,All,1011,1546,3203,4410,Roary_NoSplitParalogs_I90_ShortRead,Roary_NoSplitParalogs_I90_ShortRead_PGAP,PGAP-ShortRead,Roary
Total genes,(0% <= strains <= 100%),4144,PGAP,Roary_NoSplitParalogs,ShortRead,All,1067,1608,3369,4584,Roary_NoSplitParalogs_ShortRead,Roary_NoSplitParalogs_ShortRead_PGAP,PGAP-ShortRead,Roary
Core genes,(99% <= strains <= 100%),2905,PGAP,Roary_NoSplitParalogs,ShortRead,All,1067,1608,3369,4584,Roary_NoSplitParalogs_ShortRead,Roary_NoSplitParalogs_ShortRead_PGAP,PGAP-ShortRead,Roary
Accessory genes,(0% <= strains < 99%),1239,PGAP,Roary_NoSplitParalogs,ShortRead,All,1067,1608,3369,4584,Roary_NoSplitParalogs_ShortRead,Roary_NoSplitParalogs_ShortRead_PGAP,PGAP-ShortRead,Roary
Total genes,(0% <= strains <= 100%),4713,PGAP,Roary_Default,ShortRead,All,2062,2302,7021,5841,Roary_Default_ShortRead,Roary_Default_ShortRead_PGAP,PGAP-ShortRead,Roary
Core genes,(99% <= strains <= 100%),2868,PGAP,Roary_Default,ShortRead,All,2062,2302,7021,5841,Roary_Default_ShortRead,Roary_Default_ShortRead_PGAP,PGAP-ShortRead,Roary
Accessory genes,(0% <= strains < 99%),1845,PGAP,Roary_Default,ShortRead,All,2062,2302,7021,5841,Roary_Default_ShortRead,Roary_Default_ShortRead_PGAP,PGAP-ShortRead,Roary
Total genes,(0% <= strains <= 100%),4197,PGAP,Ppanggolin_I0.80C0.60,ShortRead,All,886,1398,2695,3348,Ppanggolin_I0.80C0.60_ShortRead,Ppanggolin_I0.80C0.60_ShortRead_PGAP,PGAP-ShortRead,Ppanggolin
Core genes,(99% <= strains <= 100%),3071,PGAP,Ppanggolin_I0.80C0.60,ShortRead,All,886,1398,2695,3348,Ppanggolin_I0.80C0.60_ShortRead,Ppanggolin_I0.80C0.60_ShortRead_PGAP,PGAP-ShortRead,Ppanggolin
Accessory genes,(0% <= strains < 99%),1126,PGAP,Ppanggolin_I0.80C0.60,ShortRead,All,886,1398,2695,3348,Ppanggolin_I0.80C0.60_ShortRead,Ppanggolin_I0.80C0.60_ShortRead_PGAP,PGAP-ShortRead,Ppanggolin
Total genes,(0% <= strains <= 100%),4372,PGAP,Ppanggolin_I0.80C0.80,ShortRead,All,1520,1852,4105,3903,Ppanggolin_I0.80C0.80_ShortRead,Ppanggolin_I0.80C0.80_ShortRead_PGAP,PGAP-ShortRead,Ppanggolin
Core genes,(99% <= strains <= 100%),3060,PGAP,Ppanggolin_I0.80C0.80,ShortRead,All,1520,1852,4105,3903,Ppanggolin_I0.80C0.80_ShortRead,Ppanggolin_I0.80C0.80_ShortRead_PGAP,PGAP-ShortRead,Ppanggolin
Accessory genes,(0% <= strains < 99%),1312,PGAP,Ppanggolin_I0.80C0.80,ShortRead,All,1520,1852,4105,3903,Ppanggolin_I0.80C0.80_ShortRead,Ppanggolin_I0.80C0.80_ShortRead_PGAP,PGAP-ShortRead,Ppanggolin
Total genes,(0% <= strains <= 100%),4587,PGAP,Ppanggolin_I0.80C0.90,ShortRead,All,1786,1976,5182,4214,Ppanggolin_I0.80C0.90_ShortRead,Ppanggolin_I0.80C0.90_ShortRead_PGAP,PGAP-ShortRead,Ppanggolin
Core genes,(99% <= strains <= 100%),3046,PGAP,Ppanggolin_I0.80C0.90,ShortRead,All,1786,1976,5182,4214,Ppanggolin_I0.80C0.90_ShortRead,Ppanggolin_I0.80C0.90_ShortRead_PGAP,PGAP-ShortRead,Ppanggolin
Accessory genes,(0% <= strains < 99%),1541,PGAP,Ppanggolin_I0.80C0.90,ShortRead,All,1786,1976,5182,4214,Ppanggolin_I0.80C0.90_ShortRead,Ppanggolin_I0.80C0.90_ShortRead_PGAP,PGAP-ShortRead,Ppanggolin
Total genes,(0% <= strains <= 100%),4342,PGAP,Ppanggolin_I0.90C0.60,ShortRead,All,1088,1584,3053,3734,Ppanggolin_I0.90C0.60_ShortRead,Ppanggolin_I0.90C0.60_ShortRead_PGAP,PGAP-ShortRead,Ppanggolin
Core genes,(99% <= strains <= 100%),3065,PGAP,Ppanggolin_I0.90C0.60,ShortRead,All,1088,1584,3053,3734,Ppanggolin_I0.90C0.60_ShortRead,Ppanggolin_I0.90C0.60_ShortRead_PGAP,PGAP-ShortRead,Ppanggolin
Accessory genes,(0% <= strains < 99%),1277,PGAP,Ppanggolin_I0.90C0.60,ShortRead,All,1088,1584,3053,3734,Ppanggolin_I0.90C0.60_ShortRead,Ppanggolin_I0.90C0.60_ShortRead_PGAP,PGAP-ShortRead,Ppanggolin
Total genes,(0% <= strains <= 100%),4597,PGAP,Ppanggolin_I0.90C0.80,ShortRead,All,1731,1987,4811,4246,Ppanggolin_I0.90C0.80_ShortRead,Ppanggolin_I0.90C0.80_ShortRead_PGAP,PGAP-ShortRead,Ppanggolin
Core genes,(99% <= strains <= 100%),3054,PGAP,Ppanggolin_I0.90C0.80,ShortRead,All,1731,1987,4811,4246,Ppanggolin_I0.90C0.80_ShortRead,Ppanggolin_I0.90C0.80_ShortRead_PGAP,PGAP-ShortRead,Ppanggolin
Accessory genes,(0% <= strains < 99%),1543,PGAP,Ppanggolin_I0.90C0.80,ShortRead,All,1731,1987,4811,4246,Ppanggolin_I0.90C0.80_ShortRead,Ppanggolin_I0.90C0.80_ShortRead_PGAP,PGAP-ShortRead,Ppanggolin
Total genes,(0% <= strains <= 100%),4769,PGAP,Ppanggolin_I0.90C0.90,ShortRead,All,1862,2028,5300,4409,Ppanggolin_I0.90C0.90_ShortRead,Ppanggolin_I0.90C0.90_ShortRead_PGAP,PGAP-ShortRead,Ppanggolin
Core genes,(99% <= strains <= 100%),3044,PGAP,Ppanggolin_I0.90C0.90,ShortRead,All,1862,2028,5300,4409,Ppanggolin_I0.90C0.90_ShortRead,Ppanggolin_I0.90C0.90_ShortRead_PGAP,PGAP-ShortRead,Ppanggolin
Accessory genes,(0% <= strains < 99%),1725,PGAP,Ppanggolin_I0.90C0.90,ShortRead,All,1862,2028,5300,4409,Ppanggolin_I0.90C0.90_ShortRead,Ppanggolin_I0.90C0.90_ShortRead_PGAP,PGAP-ShortRead,Ppanggolin
Total genes,(0% <= strains <= 100%),4836,PGAP,Ppanggolin_I0.98C0.60,ShortRead,All,1513,1876,4423,4308,Ppanggolin_I0.98C0.60_ShortRead,Ppanggolin_I0.98C0.60_ShortRead_PGAP,PGAP-ShortRead,Ppanggolin
Core genes,(99% <= strains <= 100%),3031,PGAP,Ppanggolin_I0.98C0.60,ShortRead,All,1513,1876,4423,4308,Ppanggolin_I0.98C0.60_ShortRead,Ppanggolin_I0.98C0.60_ShortRead_PGAP,PGAP-ShortRead,Ppanggolin
Accessory genes,(0% <= strains < 99%),1805,PGAP,Ppanggolin_I0.98C0.60,ShortRead,All,1513,1876,4423,4308,Ppanggolin_I0.98C0.60_ShortRead,Ppanggolin_I0.98C0.60_ShortRead_PGAP,PGAP-ShortRead,Ppanggolin
Total genes,(0% <= strains <= 100%),5192,PGAP,Ppanggolin_I0.98C0.80,ShortRead,All,1950,2071,5944,4593,Ppanggolin_I0.98C0.80_ShortRead,Ppanggolin_I0.98C0.80_ShortRead_PGAP,PGAP-ShortRead,Ppanggolin
Core genes,(99% <= strains <= 100%),3023,PGAP,Ppanggolin_I0.98C0.80,ShortRead,All,1950,2071,5944,4593,Ppanggolin_I0.98C0.80_ShortRead,Ppanggolin_I0.98C0.80_ShortRead_PGAP,PGAP-ShortRead,Ppanggolin
Accessory genes,(0% <= strains < 99%),2169,PGAP,Ppanggolin_I0.98C0.80,ShortRead,All,1950,2071,5944,4593,Ppanggolin_I0.98C0.80_ShortRead,Ppanggolin_I0.98C0.80_ShortRead_PGAP,PGAP-ShortRead,Ppanggolin
Total genes,(0% <= strains <= 100%),5376,PGAP,Ppanggolin_I0.98C0.90,ShortRead,All,2056,2088,6554,4713,Ppanggolin_I0.98C0.90_ShortRead,Ppanggolin_I0.98C0.90_ShortRead_PGAP,PGAP-ShortRead,Ppanggolin
Core genes,(99% <= strains <= 100%),3011,PGAP,Ppanggolin_I0.98C0.90,ShortRead,All,2056,2088,6554,4713,Ppanggolin_I0.98C0.90_ShortRead,Ppanggolin_I0.98C0.90_ShortRead_PGAP,PGAP-ShortRead,Ppanggolin
Accessory genes,(0% <= strains < 99%),2365,PGAP,Ppanggolin_I0.98C0.90,ShortRead,All,2056,2088,6554,4713,Ppanggolin_I0.98C0.90_ShortRead,Ppanggolin_I0.98C0.90_ShortRead_PGAP,PGAP-ShortRead,Ppanggolin
Total genes,(0% <= strains <= 100%),3910,PGAP,Pangene_0.9.Miniprot0.95,ShortRead,All,935,1066,2558,2938,Pangene_0.9.Miniprot0.95_ShortRead,Pangene_0.9.Miniprot0.95_ShortRead_PGAP,PGAP-ShortRead,Pangene
Core genes,(99% <= strains <= 100%),3290,PGAP,Pangene_0.9.Miniprot0.95,ShortRead,All,935,1066,2558,2938,Pangene_0.9.Miniprot0.95_ShortRead,Pangene_0.9.Miniprot0.95_ShortRead_PGAP,PGAP-ShortRead,Pangene
Accessory genes,(0% <= strains < 99%),620,PGAP,Pangene_0.9.Miniprot0.95,ShortRead,All,935,1066,2558,2938,Pangene_0.9.Miniprot0.95_ShortRead,Pangene_0.9.Miniprot0.95_ShortRead_PGAP,PGAP-ShortRead,Pangene
Total genes,(0% <= strains <= 100%),3918,PGAP,Pangene_0.9.Miniprot0.98,ShortRead,All,1181,1249,3170,3093,Pangene_0.9.Miniprot0.98_ShortRead,Pangene_0.9.Miniprot0.98_ShortRead_PGAP,PGAP-ShortRead,Pangene
Core genes,(99% <= strains <= 100%),3272,PGAP,Pangene_0.9.Miniprot0.98,ShortRead,All,1181,1249,3170,3093,Pangene_0.9.Miniprot0.98_ShortRead,Pangene_0.9.Miniprot0.98_ShortRead_PGAP,PGAP-ShortRead,Pangene
Accessory genes,(0% <= strains < 99%),646,PGAP,Pangene_0.9.Miniprot0.98,ShortRead,All,1181,1249,3170,3093,Pangene_0.9.Miniprot0.98_ShortRead,Pangene_0.9.Miniprot0.98_ShortRead_PGAP,PGAP-ShortRead,Pangene
Total genes,(0% <= strains <= 100%),3926,PGAP,Pangene_0.9.Miniprot0.99,ShortRead,All,1340,1325,3453,3203,Pangene_0.9.Miniprot0.99_ShortRead,Pangene_0.9.Miniprot0.99_ShortRead_PGAP,PGAP-ShortRead,Pangene
Core genes,(99% <= strains <= 100%),3272,PGAP,Pangene_0.9.Miniprot0.99,ShortRead,All,1340,1325,3453,3203,Pangene_0.9.Miniprot0.99_ShortRead,Pangene_0.9.Miniprot0.99_ShortRead_PGAP,PGAP-ShortRead,Pangene
Accessory genes,(0% <= strains < 99%),654,PGAP,Pangene_0.9.Miniprot0.99,ShortRead,All,1340,1325,3453,3203,Pangene_0.9.Miniprot0.99_ShortRead,Pangene_0.9.Miniprot0.99_ShortRead_PGAP,PGAP-ShortRead,Pangene
Total genes,(0% <= strains <= 100%),3911,PGAP,Pangene_0.9.Miniprot0.9,ShortRead,All,865,994,2425,2778,Pangene_0.9.Miniprot0.9_ShortRead,Pangene_0.9.Miniprot0.9_ShortRead_PGAP,PGAP-ShortRead,Pangene
Core genes,(99% <= strains <= 100%),3297,PGAP,Pangene_0.9.Miniprot0.9,ShortRead,All,865,994,2425,2778,Pangene_0.9.Miniprot0.9_ShortRead,Pangene_0.9.Miniprot0.9_ShortRead_PGAP,PGAP-ShortRead,Pangene
Accessory genes,(0% <= strains < 99%),614,PGAP,Pangene_0.9.Miniprot0.9,ShortRead,All,865,994,2425,2778,Pangene_0.9.Miniprot0.9_ShortRead,Pangene_0.9.Miniprot0.9_ShortRead_PGAP,PGAP-ShortRead,Pangene
Total genes,(0% <= strains <= 100%),3964,PGAP,Pangene_0.95.Miniprot0.95,ShortRead,All,995,1126,2749,2973,Pangene_0.95.Miniprot0.95_ShortRead,Pangene_0.95.Miniprot0.95_ShortRead_PGAP,PGAP-ShortRead,Pangene
Core genes,(99% <= strains <= 100%),3317,PGAP,Pangene_0.95.Miniprot0.95,ShortRead,All,995,1126,2749,2973,Pangene_0.95.Miniprot0.95_ShortRead,Pangene_0.95.Miniprot0.95_ShortRead_PGAP,PGAP-ShortRead,Pangene
Accessory genes,(0% <= strains < 99%),647,PGAP,Pangene_0.95.Miniprot0.95,ShortRead,All,995,1126,2749,2973,Pangene_0.95.Miniprot0.95_ShortRead,Pangene_0.95.Miniprot0.95_ShortRead_PGAP,PGAP-ShortRead,Pangene
Total genes,(0% <= strains <= 100%),4011,PGAP,Pangene_0.95.Miniprot0.98,ShortRead,All,1112,1207,2912,3270,Pangene_0.95.Miniprot0.98_ShortRead,Pangene_0.95.Miniprot0.98_ShortRead_PGAP,PGAP-ShortRead,Pangene
Core genes,(99% <= strains <= 100%),3335,PGAP,Pangene_0.95.Miniprot0.98,ShortRead,All,1112,1207,2912,3270,Pangene_0.95.Miniprot0.98_ShortRead,Pangene_0.95.Miniprot0.98_ShortRead_PGAP,PGAP-ShortRead,Pangene
Accessory genes,(0% <= strains < 99%),676,PGAP,Pangene_0.95.Miniprot0.98,ShortRead,All,1112,1207,2912,3270,Pangene_0.95.Miniprot0.98_ShortRead,Pangene_0.95.Miniprot0.98_ShortRead_PGAP,PGAP-ShortRead,Pangene
Total genes,(0% <= strains <= 100%),4042,PGAP,Pangene_0.95.Miniprot0.99,ShortRead,All,1005,1112,2776,3155,Pangene_0.95.Miniprot0.99_ShortRead,Pangene_0.95.Miniprot0.99_ShortRead_PGAP,PGAP-ShortRead,Pangene
Core genes,(99% <= strains <= 100%),3363,PGAP,Pangene_0.95.Miniprot0.99,ShortRead,All,1005,1112,2776,3155,Pangene_0.95.Miniprot0.99_ShortRead,Pangene_0.95.Miniprot0.99_ShortRead_PGAP,PGAP-ShortRead,Pangene
Accessory genes,(0% <= strains < 99%),679,PGAP,Pangene_0.95.Miniprot0.99,ShortRead,All,1005,1112,2776,3155,Pangene_0.95.Miniprot0.99_ShortRead,Pangene_0.95.Miniprot0.99_ShortRead_PGAP,PGAP-ShortRead,Pangene
Total genes,(0% <= strains <= 100%),3935,PGAP,Pangene_0.95.Miniprot0.9,ShortRead,All,967,1114,2593,2887,Pangene_0.95.Miniprot0.9_ShortRead,Pangene_0.95.Miniprot0.9_ShortRead_PGAP,PGAP-ShortRead,Pangene
Core genes,(99% <= strains <= 100%),3296,PGAP,Pangene_0.95.Miniprot0.9,ShortRead,All,967,1114,2593,2887,Pangene_0.95.Miniprot0.9_ShortRead,Pangene_0.95.Miniprot0.9_ShortRead_PGAP,PGAP-ShortRead,Pangene
Accessory genes,(0% <= strains < 99%),639,PGAP,Pangene_0.95.Miniprot0.9,ShortRead,All,967,1114,2593,2887,Pangene_0.95.Miniprot0.9_ShortRead,Pangene_0.95.Miniprot0.9_ShortRead_PGAP,PGAP-ShortRead,Pangene
Total genes,(0% <= strains <= 100%),3998,PGAP,Pangene_0.98.Miniprot0.95,ShortRead,All,1188,1256,3197,3151,Pangene_0.98.Miniprot0.95_ShortRead,Pangene_0.98.Miniprot0.95_ShortRead_PGAP,PGAP-ShortRead,Pangene
Core genes,(99% <= strains <= 100%),3318,PGAP,Pangene_0.98.Miniprot0.95,ShortRead,All,1188,1256,3197,3151,Pangene_0.98.Miniprot0.95_ShortRead,Pangene_0.98.Miniprot0.95_ShortRead_PGAP,PGAP-ShortRead,Pangene
Accessory genes,(0% <= strains < 99%),680,PGAP,Pangene_0.98.Miniprot0.95,ShortRead,All,1188,1256,3197,3151,Pangene_0.98.Miniprot0.95_ShortRead,Pangene_0.98.Miniprot0.95_ShortRead_PGAP,PGAP-ShortRead,Pangene
Total genes,(0% <= strains <= 100%),4069,PGAP,Pangene_0.98.Miniprot0.98,ShortRead,All,1261,1333,3349,3343,Pangene_0.98.Miniprot0.98_ShortRead,Pangene_0.98.Miniprot0.98_ShortRead_PGAP,PGAP-ShortRead,Pangene
Core genes,(99% <= strains <= 100%),3359,PGAP,Pangene_0.98.Miniprot0.98,ShortRead,All,1261,1333,3349,3343,Pangene_0.98.Miniprot0.98_ShortRead,Pangene_0.98.Miniprot0.98_ShortRead_PGAP,PGAP-ShortRead,Pangene
Accessory genes,(0% <= strains < 99%),710,PGAP,Pangene_0.98.Miniprot0.98,ShortRead,All,1261,1333,3349,3343,Pangene_0.98.Miniprot0.98_ShortRead,Pangene_0.98.Miniprot0.98_ShortRead_PGAP,PGAP-ShortRead,Pangene
Total genes,(0% <= strains <= 100%),4061,PGAP,Pangene_0.98.Miniprot0.99,ShortRead,All,1313,1357,3420,3404,Pangene_0.98.Miniprot0.99_ShortRead,Pangene_0.98.Miniprot0.99_ShortRead_PGAP,PGAP-ShortRead,Pangene
Core genes,(99% <= strains <= 100%),3345,PGAP,Pangene_0.98.Miniprot0.99,ShortRead,All,1313,1357,3420,3404,Pangene_0.98.Miniprot0.99_ShortRead,Pangene_0.98.Miniprot0.99_ShortRead_PGAP,PGAP-ShortRead,Pangene
Accessory genes,(0% <= strains < 99%),716,PGAP,Pangene_0.98.Miniprot0.99,ShortRead,All,1313,1357,3420,3404,Pangene_0.98.Miniprot0.99_ShortRead,Pangene_0.98.Miniprot0.99_ShortRead_PGAP,PGAP-ShortRead,Pangene
Total genes,(0% <= strains <= 100%),3965,PGAP,Pangene_0.98.Miniprot0.9,ShortRead,All,965,1135,2600,2984,Pangene_0.98.Miniprot0.9_ShortRead,Pangene_0.98.Miniprot0.9_ShortRead_PGAP,PGAP-ShortRead,Pangene
Core genes,(99% <= strains <= 100%),3302,PGAP,Pangene_0.98.Miniprot0.9,ShortRead,All,965,1135,2600,2984,Pangene_0.98.Miniprot0.9_ShortRead,Pangene_0.98.Miniprot0.9_ShortRead_PGAP,PGAP-ShortRead,Pangene
Accessory genes,(0% <= strains < 99%),663,PGAP,Pangene_0.98.Miniprot0.9,ShortRead,All,965,1135,2600,2984,Pangene_0.98.Miniprot0.9_ShortRead,Pangene_0.98.Miniprot0.9_ShortRead_PGAP,PGAP-ShortRead,Pangene
