Assembly Accession	Assembly Name	Organism Name	Organism Infraspecific Names Breed	Organism Infraspecific Names Strain	Organism Infraspecific Names Cultivar	Organism Infraspecific Names Ecotype	Organism Infraspecific Names Isolate	Organism Infraspecific Names Sex	Annotation Name	Assembly Stats Total Sequence Length	Assembly Stats Total Number of Chromosomes	Assembly Level	Assembly Release Date	WGS project accession	Assembly Stats Scaffold N50	Assembly Stats Number of Scaffolds	Assembly Sequencing Tech	Assembly BioProject Accession	Assembly BioSample Accession	CheckM completeness	CheckM contamination
GCA_027920385.1	ASM2792038v1	Staphylococcus aureus		C308					NCBI Prokaryotic Genome Annotation Pipeline (PGAP)	2837359	2	Complete Genome	2023-01-19		2834886	2	Oxford Nanopore MiniION and Illumina	PRJNA914892	SAMN32538168	98.18	0.39
GCF_027920385.1	ASM2792038v1	Staphylococcus aureus		C308					NCBI Prokaryotic Genome Annotation Pipeline (PGAP)	2837359	2	Complete Genome	2023-01-19		2834886	2	Oxford Nanopore MiniION and Illumina	PRJNA914892	SAMN32538168	98.18	0.39
GCA_030290475.1	ASM3029047v1	Staphylococcus aureus		C295					NCBI Prokaryotic Genome Annotation Pipeline (PGAP)	3047685	1	Complete Genome	2023-06-19		3047685	1	Oxford Nanopore MiniION and Illumina	PRJNA914892	SAMN32360836	98.77	0.39
GCA_030290095.1	ASM3029009v1	Staphylococcus aureus		C318					NCBI Prokaryotic Genome Annotation Pipeline (PGAP)	2946430	1	Complete Genome	2023-06-19		2946430	1	Oxford Nanopore MiniION and Illumina	PRJNA914892	SAMN32360850	98.05	0.54
GCA_030290535.1	ASM3029053v1	Staphylococcus aureus		C13					NCBI Prokaryotic Genome Annotation Pipeline (PGAP)	2916141	1	Complete Genome	2023-06-19		2916141	1	Oxford Nanopore MiniION and Illumina	PRJNA914892	SAMN32360834	98.01	0.42
GCA_030289875.1	ASM3028987v1	Staphylococcus aureus		C76					NCBI Prokaryotic Genome Annotation Pipeline (PGAP)	2916067	1	Complete Genome	2023-06-19		2916067	1	Oxford Nanopore MiniION and Illumina	PRJNA914892	SAMN32360854	98.01	0.42
GCA_030289975.1	ASM3028997v1	Staphylococcus aureus		C113					NCBI Prokaryotic Genome Annotation Pipeline (PGAP)	2913402	1	Complete Genome	2023-06-19		2913402	1	Oxford Nanopore MiniION and Illumina	PRJNA914892	SAMN32360857	97.48	0.71
GCA_030290435.1	ASM3029043v1	Staphylococcus aureus		C52					NCBI Prokaryotic Genome Annotation Pipeline (PGAP)	2913402	1	Complete Genome	2023-06-19		2913402	1	Oxford Nanopore MiniION and Illumina	PRJNA914892	SAMN32360837	97.48	0.71
GCA_030290775.1	ASM3029077v1	Staphylococcus aureus		C11					NCBI Prokaryotic Genome Annotation Pipeline (PGAP)	2913022	1	Complete Genome	2023-06-19		2913022	1	Oxford Nanopore MiniION and Illumina	PRJNA914892	SAMN32360803	97.69	0.68
GCA_030290835.1	ASM3029083v1	Staphylococcus aureus		C10					NCBI Prokaryotic Genome Annotation Pipeline (PGAP)	2898107	1	Complete Genome	2023-06-19		2898107	1	Oxford Nanopore MiniION and Illumina	PRJNA914892	SAMN32360801	98.82	0.54
GCA_030290595.1	ASM3029059v1	Staphylococcus aureus		C84					NCBI Prokaryotic Genome Annotation Pipeline (PGAP)	2892710	1	Complete Genome	2023-06-19		2892710	1	Oxford Nanopore MiniION and Illumina	PRJNA914892	SAMN32360828	97.76	0.72
GCA_030290715.1	ASM3029071v1	Staphylococcus aureus		C299					NCBI Prokaryotic Genome Annotation Pipeline (PGAP)	2919083	3	Complete Genome	2023-06-19		2883355	3	Oxford Nanopore MiniION and Illumina	PRJNA914892	SAMN32360819	98	0.39
GCA_030287765.1	ASM3028776v1	Staphylococcus aureus		C890					NCBI Prokaryotic Genome Annotation Pipeline (PGAP)	2879773	1	Complete Genome	2023-06-19		2879773	1	Oxford Nanopore MiniION and Illumina	PRJNA914892	SAMN32360949	97.85	0.72
GCA_030290575.1	ASM3029057v1	Staphylococcus aureus		C257					NCBI Prokaryotic Genome Annotation Pipeline (PGAP)	2877556	1	Complete Genome	2023-06-19		2877556	1	Oxford Nanopore MiniION and Illumina	PRJNA914892	SAMN32360816	98.49	0.54
GCA_030290615.1	ASM3029061v1	Staphylococcus aureus		C69					NCBI Prokaryotic Genome Annotation Pipeline (PGAP)	2874724	1	Complete Genome	2023-06-19		2874724	1	Oxford Nanopore MiniION and Illumina	PRJNA914892	SAMN32360827	98.02	0.54
GCA_030290895.1	ASM3029089v1	Staphylococcus aureus		C150					NCBI Prokaryotic Genome Annotation Pipeline (PGAP)	2873461	1	Complete Genome	2023-06-19		2873461	1	Oxford Nanopore MiniION and Illumina	PRJNA914892	SAMN32360807	98.09	0.39
GCA_030289795.1	ASM3028979v1	Staphylococcus aureus		C273					NCBI Prokaryotic Genome Annotation Pipeline (PGAP)	2899534	3	Complete Genome	2023-06-19		2868776	3	Oxford Nanopore MiniION and Illumina	PRJNA914892	SAMN32360870	98.03	0.68
GCA_030287785.1	ASM3028778v1	Staphylococcus aureus		C903					NCBI Prokaryotic Genome Annotation Pipeline (PGAP)	2868138	1	Complete Genome	2023-06-19		2868138	1	Oxford Nanopore MiniION and Illumina	PRJNA914892	SAMN32360955	98.23	0.39
GCA_030290815.1	ASM3029081v1	Staphylococcus aureus		C201					NCBI Prokaryotic Genome Annotation Pipeline (PGAP)	2867965	1	Complete Genome	2023-06-19		2867965	1	Oxford Nanopore MiniION and Illumina	PRJNA914892	SAMN32360812	96.6	0.68
GCA_030288935.1	ASM3028893v1	Staphylococcus aureus		C311					NCBI Prokaryotic Genome Annotation Pipeline (PGAP)	2864850	1	Complete Genome	2023-06-19		2864850	1	Oxford Nanopore MiniION and Illumina	PRJNA914892	SAMN32360898	97.06	0.71
GCA_030293185.1	ASM3029318v1	Staphylococcus aureus		C887					NCBI Prokaryotic Genome Annotation Pipeline (PGAP)	2863232	1	Complete Genome	2023-06-19		2863232	1	Oxford Nanopore MiniION and Illumina	PRJNA914892	SAMN32360947		
GCA_030289935.1	ASM3028993v1	Staphylococcus aureus		C24					NCBI Prokaryotic Genome Annotation Pipeline (PGAP)	2862172	2	Complete Genome	2023-06-19		2859699	2	Oxford Nanopore MiniION and Illumina	PRJNA914892	SAMN32360859	98.67	0.39
GCA_030288235.1	ASM3028823v1	Staphylococcus aureus		C868					NCBI Prokaryotic Genome Annotation Pipeline (PGAP)	2862168	2	Complete Genome	2023-06-19		2859695	2	Oxford Nanopore MiniION and Illumina	PRJNA914892	SAMN32360937	98.67	0.39
GCA_030290055.1	ASM3029005v1	Staphylococcus aureus		C148					NCBI Prokaryotic Genome Annotation Pipeline (PGAP)	2858890	1	Complete Genome	2023-06-19		2858890	1	Oxford Nanopore MiniION and Illumina	PRJNA914892	SAMN32360851	98.79	0.54
GCA_030289035.1	ASM3028903v1	Staphylococcus aureus		C194					NCBI Prokaryotic Genome Annotation Pipeline (PGAP)	2857520	1	Complete Genome	2023-06-19		2857520	1	Oxford Nanopore MiniION and Illumina	PRJNA914892	SAMN32360906	97.94	0.63
GCA_030287805.1	ASM3028780v1	Staphylococcus aureus		C229					NCBI Prokaryotic Genome Annotation Pipeline (PGAP)	2886214	2	Complete Genome	2023-06-19		2857189	2	Oxford Nanopore MiniION and Illumina	PRJNA914892	SAMN32360968	97.43	0.68
GCA_030289375.1	ASM3028937v1	Staphylococcus aureus		C183					NCBI Prokaryotic Genome Annotation Pipeline (PGAP)	2855804	1	Complete Genome	2023-06-19		2855804	1	Oxford Nanopore MiniION and Illumina	PRJNA914892	SAMN32360885	97.9	0.72
GCA_030288775.1	ASM3028877v1	Staphylococcus aureus		C236					NCBI Prokaryotic Genome Annotation Pipeline (PGAP)	2856379	2	Complete Genome	2023-06-19		2851940	2	Oxford Nanopore MiniION and Illumina	PRJNA914892	SAMN32360910	98.65	0.48
GCA_030288735.1	ASM3028873v1	Staphylococcus aureus		C259					NCBI Prokaryotic Genome Annotation Pipeline (PGAP)	2846746	1	Complete Genome	2023-06-19		2846746	1	Oxford Nanopore MiniION and Illumina	PRJNA914892	SAMN32360917	98.63	0.34
GCA_030289655.1	ASM3028965v1	Staphylococcus aureus		C70					NCBI Prokaryotic Genome Annotation Pipeline (PGAP)	2882950	2	Complete Genome	2023-06-19		2846568	2	Oxford Nanopore MiniION and Illumina	PRJNA914892	SAMN32360867	98.35	0.39
GCA_030293785.1	ASM3029378v1	Staphylococcus aureus		C906					NCBI Prokaryotic Genome Annotation Pipeline (PGAP)	2846538	1	Complete Genome	2023-06-19		2846538	1	Oxford Nanopore MiniION and Illumina	PRJNA914892	SAMN32360958		
GCA_030288535.1	ASM3028853v1	Staphylococcus aureus		C319					NCBI Prokaryotic Genome Annotation Pipeline (PGAP)	2877855	2	Complete Genome	2023-06-19		2845201	2	Oxford Nanopore MiniION and Illumina	PRJNA914892	SAMN32360928	98.41	0.39
GCA_030290275.1	ASM3029027v1	Staphylococcus aureus		C224					NCBI Prokaryotic Genome Annotation Pipeline (PGAP)	2877826	2	Complete Genome	2023-06-19		2845172	2	Oxford Nanopore MiniION and Illumina	PRJNA914892	SAMN32360843	98.41	0.39
GCA_030288655.1	ASM3028865v1	Staphylococcus aureus		C349					NCBI Prokaryotic Genome Annotation Pipeline (PGAP)	2877580	2	Complete Genome	2023-06-19		2844926	2	Oxford Nanopore MiniION and Illumina	PRJNA914892	SAMN32360889	98.41	0.39
GCA_030290415.1	ASM3029041v1	Staphylococcus aureus		C57					NCBI Prokaryotic Genome Annotation Pipeline (PGAP)	2842694	1	Complete Genome	2023-06-19		2842694	1	Oxford Nanopore MiniION and Illumina	PRJNA914892	SAMN32360825	98.31	0.68
GCA_030287925.1	ASM3028792v1	Staphylococcus aureus		C909					NCBI Prokaryotic Genome Annotation Pipeline (PGAP)	2861863	2	Complete Genome	2023-06-19		2841210	2	Oxford Nanopore MiniION and Illumina	PRJNA914892	SAMN32360961	98.81	0.39
GCA_030288195.1	ASM3028819v1	Staphylococcus aureus		C885					NCBI Prokaryotic Genome Annotation Pipeline (PGAP)	2861863	2	Complete Genome	2023-06-19		2841210	2	Oxford Nanopore MiniION and Illumina	PRJNA914892	SAMN32360945	98.81	0.39
GCA_030288375.1	ASM3028837v1	Staphylococcus aureus		C866					NCBI Prokaryotic Genome Annotation Pipeline (PGAP)	2861863	2	Complete Genome	2023-06-19		2841210	2	Oxford Nanopore MiniION and Illumina	PRJNA914892	SAMN32360935	98.81	0.39
GCA_030288595.1	ASM3028859v1	Staphylococcus aureus		C263					NCBI Prokaryotic Genome Annotation Pipeline (PGAP)	2861863	2	Complete Genome	2023-06-19		2841210	2	Oxford Nanopore MiniION and Illumina	PRJNA914892	SAMN32360918	98.81	0.39
GCA_030290755.1	ASM3029075v1	Staphylococcus aureus		C249					NCBI Prokaryotic Genome Annotation Pipeline (PGAP)	2861863	2	Complete Genome	2023-06-19		2841210	2	Oxford Nanopore MiniION and Illumina	PRJNA914892	SAMN32360814	98.81	0.39
GCA_030288915.1	ASM3028891v1	Staphylococcus aureus		C333					NCBI Prokaryotic Genome Annotation Pipeline (PGAP)	2840006	2	Complete Genome	2023-06-19		2837533	2	Oxford Nanopore MiniION and Illumina	PRJNA914892	SAMN32360890	98.18	0.39
GCA_030287665.1	ASM3028766v1	Staphylococcus aureus		C344					NCBI Prokaryotic Genome Annotation Pipeline (PGAP)	2837802	2	Complete Genome	2023-06-19		2835329	2	Oxford Nanopore MiniION and Illumina	PRJNA914892	SAMN32360971	98.18	0.39
GCA_030287605.1	ASM3028760v1	Staphylococcus aureus		C247					NCBI Prokaryotic Genome Annotation Pipeline (PGAP)	2837358	2	Complete Genome	2023-06-19		2834885	2	Oxford Nanopore MiniION and Illumina	PRJNA914892	SAMN32360969	98.18	0.39
GCA_030287745.1	ASM3028774v1	Staphylococcus aureus		C272					NCBI Prokaryotic Genome Annotation Pipeline (PGAP)	2837327	2	Complete Genome	2023-06-19		2834854	2	Oxford Nanopore MiniION and Illumina	PRJNA914892	SAMN32360970	98.18	0.39
GCA_030288175.1	ASM3028817v1	Staphylococcus aureus		C884					NCBI Prokaryotic Genome Annotation Pipeline (PGAP)	2866360	3	Complete Genome	2023-06-19		2834631	3	Oxford Nanopore MiniION and Illumina	PRJNA914892	SAMN32360944	98.06	0.39
GCA_030287905.1	ASM3028790v1	Staphylococcus aureus		C908					NCBI Prokaryotic Genome Annotation Pipeline (PGAP)	2834421	1	Complete Genome	2023-06-19		2834421	1	Oxford Nanopore MiniION and Illumina	PRJNA914892	SAMN32360960	98.57	1.01
GCA_030293345.1	ASM3029334v1	Staphylococcus aureus		C64					NCBI Prokaryotic Genome Annotation Pipeline (PGAP)	2855694	2	Complete Genome	2023-06-19		2828424	2	Oxford Nanopore MiniION and Illumina	PRJNA914892	SAMN32360951		
GCA_030289955.1	ASM3028995v1	Staphylococcus aureus		C265					NCBI Prokaryotic Genome Annotation Pipeline (PGAP)	2827073	1	Complete Genome	2023-06-19		2827073	1	Oxford Nanopore MiniION and Illumina	PRJNA914892	SAMN32360833	97.71	0.62
GCA_030289755.1	ASM3028975v1	Staphylococcus aureus		C324					NCBI Prokaryotic Genome Annotation Pipeline (PGAP)	2826995	1	Complete Genome	2023-06-19		2826995	1	Oxford Nanopore MiniION and Illumina	PRJNA914892	SAMN32360853	97.71	0.62
GCA_030287645.1	ASM3028764v1	Staphylococcus aureus		C347					NCBI Prokaryotic Genome Annotation Pipeline (PGAP)	2829449	2	Complete Genome	2023-06-19		2826976	2	Oxford Nanopore MiniION and Illumina	PRJNA914892	SAMN32360972	98.18	0.39
GCA_030288895.1	ASM3028889v1	Staphylococcus aureus		C167					NCBI Prokaryotic Genome Annotation Pipeline (PGAP)	2824648	1	Complete Genome	2023-06-19		2824648	1	Oxford Nanopore MiniION and Illumina	PRJNA914892	SAMN32360901	98.07	0.39
GCA_030289235.1	ASM3028923v1	Staphylococcus aureus		C196					NCBI Prokaryotic Genome Annotation Pipeline (PGAP)	2824648	1	Complete Genome	2023-06-19		2824648	1	Oxford Nanopore MiniION and Illumina	PRJNA914892	SAMN32360883	98.07	0.39
GCA_030289055.1	ASM3028905v1	Staphylococcus aureus		C325					NCBI Prokaryotic Genome Annotation Pipeline (PGAP)	2858748	2	Complete Genome	2023-06-19		2823073	2	Oxford Nanopore MiniION and Illumina	PRJNA914892	SAMN32360896	97.19	0.44
GCA_030290955.1	ASM3029095v1	Staphylococcus aureus		C102					NCBI Prokaryotic Genome Annotation Pipeline (PGAP)	2822816	1	Complete Genome	2023-06-19		2822816	1	Oxford Nanopore MiniION and Illumina	PRJNA914892	SAMN32360802	98.39	0.62
GCA_030289095.1	ASM3028909v1	Staphylococcus aureus		C357					NCBI Prokaryotic Genome Annotation Pipeline (PGAP)	2821739	1	Complete Genome	2023-06-19		2821739	1	Oxford Nanopore MiniION and Illumina	PRJNA914892	SAMN32360899	98.46	0.68
GCA_030289075.1	ASM3028907v1	Staphylococcus aureus		C154					NCBI Prokaryotic Genome Annotation Pipeline (PGAP)	2821454	1	Complete Genome	2023-06-19		2821454	1	Oxford Nanopore MiniION and Illumina	PRJNA914892	SAMN32360900	97.87	0.68
GCA_030288095.1	ASM3028809v1	Staphylococcus aureus		C875					NCBI Prokaryotic Genome Annotation Pipeline (PGAP)	2821158	1	Complete Genome	2023-06-19		2821158	1	Oxford Nanopore MiniION and Illumina	PRJNA914892	SAMN32360941	98.19	0.68
GCA_030288075.1	ASM3028807v1	Staphylococcus aureus		C331					NCBI Prokaryotic Genome Annotation Pipeline (PGAP)	2828887	2	Complete Genome	2023-06-19		2820854	2	Oxford Nanopore MiniION and Illumina	PRJNA914892	SAMN32360942	97.74	0.62
GCA_030288135.1	ASM3028813v1	Staphylococcus aureus		C886					NCBI Prokaryotic Genome Annotation Pipeline (PGAP)	2820783	1	Complete Genome	2023-06-19		2820783	1	Oxford Nanopore MiniION and Illumina	PRJNA914892	SAMN32360946	97.18	0.68
GCA_030293845.1	ASM3029384v1	Staphylococcus aureus		C864					NCBI Prokaryotic Genome Annotation Pipeline (PGAP)	2817777	1	Complete Genome	2023-06-19		2817777	1	Oxford Nanopore MiniION and Illumina	PRJNA914892	SAMN32360933		
GCA_030288715.1	ASM3028871v1	Staphylococcus aureus		C256					NCBI Prokaryotic Genome Annotation Pipeline (PGAP)	2842590	2	Complete Genome	2023-06-19		2815320	2	Oxford Nanopore MiniION and Illumina	PRJNA914892	SAMN32360916	98.83	0.39
GCA_030294085.1	ASM3029408v1	Staphylococcus aureus		C913					NCBI Prokaryotic Genome Annotation Pipeline (PGAP)	2835122	2	Complete Genome	2023-06-19		2814048	2	Oxford Nanopore MiniION and Illumina	PRJNA914892	SAMN32360966		
GCA_030288215.1	ASM3028821v1	Staphylococcus aureus		C354					NCBI Prokaryotic Genome Annotation Pipeline (PGAP)	2812354	1	Complete Genome	2023-06-19		2812354	1	Oxford Nanopore MiniION and Illumina	PRJNA914892	SAMN32360943	98.76	0.39
GCA_030288275.1	ASM3028827v1	Staphylococcus aureus		C865					NCBI Prokaryotic Genome Annotation Pipeline (PGAP)	2839025	2	Complete Genome	2023-06-19		2811757	2	Oxford Nanopore MiniION and Illumina	PRJNA914892	SAMN32360934	97.21	0.45
GCA_030288155.1	ASM3028815v1	Staphylococcus aureus		C870					NCBI Prokaryotic Genome Annotation Pipeline (PGAP)	2841108	3	Complete Genome	2023-06-19		2811242	3	Oxford Nanopore MiniION and Illumina	PRJNA914892	SAMN32360939	98.14	0.45
GCA_030289515.1	ASM3028951v1	Staphylococcus aureus		C149					NCBI Prokaryotic Genome Annotation Pipeline (PGAP)	2829483	2	Complete Genome	2023-06-19		2807297	2	Oxford Nanopore MiniION and Illumina	PRJNA914892	SAMN32360874	97.93	0.39
GCA_030290335.1	ASM3029033v1	Staphylococcus aureus		C45					NCBI Prokaryotic Genome Annotation Pipeline (PGAP)	2829482	2	Complete Genome	2023-06-19		2807296	2	Oxford Nanopore MiniION and Illumina	PRJNA914892	SAMN32360842	97.93	0.39
GCA_030290915.1	ASM3029091v1	Staphylococcus aureus		C142					NCBI Prokaryotic Genome Annotation Pipeline (PGAP)	2829481	2	Complete Genome	2023-06-19		2807295	2	Oxford Nanopore MiniION and Illumina	PRJNA914892	SAMN32360805	97.93	0.39
GCA_030288475.1	ASM3028847v1	Staphylococcus aureus		C322					NCBI Prokaryotic Genome Annotation Pipeline (PGAP)	2887455	4	Complete Genome	2023-06-19		2806024	4	Oxford Nanopore MiniION and Illumina	PRJNA914892	SAMN32360930	98.26	0.57
GCA_030288955.1	ASM3028895v1	Staphylococcus aureus		C230					NCBI Prokaryotic Genome Annotation Pipeline (PGAP)	2805901	1	Complete Genome	2023-06-19		2805901	1	Oxford Nanopore MiniION and Illumina	PRJNA914892	SAMN32360909	98.11	0.56
GCA_030290495.1	ASM3029049v1	Staphylococcus aureus		C280					NCBI Prokaryotic Genome Annotation Pipeline (PGAP)	2828954	2	Complete Genome	2023-06-19		2805792	2	Oxford Nanopore MiniION and Illumina	PRJNA914892	SAMN32360818	98.04	0.42
GCA_030290195.1	ASM3029019v1	Staphylococcus aureus		C241					NCBI Prokaryotic Genome Annotation Pipeline (PGAP)	2828934	2	Complete Genome	2023-06-19		2805775	2	Oxford Nanopore MiniION and Illumina	PRJNA914892	SAMN32360845	98.04	0.42
GCA_030289135.1	ASM3028913v1	Staphylococcus aureus		C309					NCBI Prokaryotic Genome Annotation Pipeline (PGAP)	2828866	2	Complete Genome	2023-06-19		2805703	2	Oxford Nanopore MiniION and Illumina	PRJNA914892	SAMN32360895	98.04	0.42
GCA_030289355.1	ASM3028935v1	Staphylococcus aureus		C312					NCBI Prokaryotic Genome Annotation Pipeline (PGAP)	2836901	2	Complete Genome	2023-06-19		2804436	2	Oxford Nanopore MiniION and Illumina	PRJNA914892	SAMN32360886	97.35	1.68
GCA_030287845.1	ASM3028784v1	Staphylococcus aureus		C896					NCBI Prokaryotic Genome Annotation Pipeline (PGAP)	2802834	1	Complete Genome	2023-06-19		2802834	1	Oxford Nanopore MiniION and Illumina	PRJNA914892	SAMN32360967	97.69	0.68
GCA_030289395.1	ASM3028939v1	Staphylococcus aureus		C342					NCBI Prokaryotic Genome Annotation Pipeline (PGAP)	2822141	2	Complete Genome	2023-06-19		2801489	2	Oxford Nanopore MiniION and Illumina	PRJNA914892	SAMN32360884	98.28	0.39
GCA_030289635.1	ASM3028963v1	Staphylococcus aureus		C179					NCBI Prokaryotic Genome Annotation Pipeline (PGAP)	2821078	2	Complete Genome	2023-06-19		2800426	2	Oxford Nanopore MiniION and Illumina	PRJNA914892	SAMN32360873	98.87	0.39
GCA_030289675.1	ASM3028967v1	Staphylococcus aureus		C133					NCBI Prokaryotic Genome Annotation Pipeline (PGAP)	2821846	3	Complete Genome	2023-06-19		2800426	3	Oxford Nanopore MiniION and Illumina	PRJNA914892	SAMN32360872	98.87	0.39
GCA_030290155.1	ASM3029015v1	Staphylococcus aureus		C67					NCBI Prokaryotic Genome Annotation Pipeline (PGAP)	2807221	2	Complete Genome	2023-06-19		2799187	2	Oxford Nanopore MiniION and Illumina	PRJNA914892	SAMN32360840	97.1	0.62
GCA_030288835.1	ASM3028883v1	Staphylococcus aureus		C189					NCBI Prokaryotic Genome Annotation Pipeline (PGAP)	2826144	2	Complete Genome	2023-06-19		2798877	2	Oxford Nanopore MiniION and Illumina	PRJNA914892	SAMN32360904	98.83	0.39
GCA_030289575.1	ASM3028957v1	Staphylococcus aureus		C276					NCBI Prokaryotic Genome Annotation Pipeline (PGAP)	2798238	1	Complete Genome	2023-06-19		2798238	1	Oxford Nanopore MiniION and Illumina	PRJNA914892	SAMN32360878	97.36	0.68
GCA_030290455.1	ASM3029045v1	Staphylococcus aureus		C43					NCBI Prokaryotic Genome Annotation Pipeline (PGAP)	2819373	2	Complete Genome	2023-06-19		2794719	2	Oxford Nanopore MiniION and Illumina	PRJNA914892	SAMN32360822	98.58	0.39
GCA_030290795.1	ASM3029079v1	Staphylococcus aureus		C205					NCBI Prokaryotic Genome Annotation Pipeline (PGAP)	2850581	4	Complete Genome	2023-06-19		2793873	4	Oxford Nanopore MiniION and Illumina	PRJNA914892	SAMN32360813	97.1	0.62
GCA_030289535.1	ASM3028953v1	Staphylococcus aureus		C294					NCBI Prokaryotic Genome Annotation Pipeline (PGAP)	2842043	3	Complete Genome	2023-06-19		2793871	3	Oxford Nanopore MiniION and Illumina	PRJNA914892	SAMN32360868	97.1	0.62
GCA_030290255.1	ASM3029025v1	Staphylococcus aureus		C96					NCBI Prokaryotic Genome Annotation Pipeline (PGAP)	2814514	2	Complete Genome	2023-06-19		2793863	2	Oxford Nanopore MiniION and Illumina	PRJNA914892	SAMN32360831	98.87	0.39
GCA_030290175.1	ASM3029017v1	Staphylococcus aureus		C53					NCBI Prokaryotic Genome Annotation Pipeline (PGAP)	2815447	2	Complete Genome	2023-06-19		2793787	2	Oxford Nanopore MiniION and Illumina	PRJNA914892	SAMN32360824	98.52	0.39
GCA_030288315.1	ASM3028831v1	Staphylococcus aureus		C863					NCBI Prokaryotic Genome Annotation Pipeline (PGAP)	2825910	2	Complete Genome	2023-06-19		2793504	2	Oxford Nanopore MiniION and Illumina	PRJNA914892	SAMN32360932	98.63	0.98
GCA_030288675.1	ASM3028867v1	Staphylococcus aureus		C286					NCBI Prokaryotic Genome Annotation Pipeline (PGAP)	2792306	1	Complete Genome	2023-06-19		2792306	1	Oxford Nanopore MiniION and Illumina	PRJNA914892	SAMN32360921	98.28	0.39
GCA_030288115.1	ASM3028811v1	Staphylococcus aureus		C891					NCBI Prokaryotic Genome Annotation Pipeline (PGAP)	2811358	2	Complete Genome	2023-06-19		2791600	2	Oxford Nanopore MiniION and Illumina	PRJNA914892	SAMN32360950	98.49	0.54
GCA_030288875.1	ASM3028887v1	Staphylococcus aureus		C181					NCBI Prokaryotic Genome Annotation Pipeline (PGAP)	2811358	2	Complete Genome	2023-06-19		2791600	2	Oxford Nanopore MiniION and Illumina	PRJNA914892	SAMN32360902	98.49	0.54
GCA_030289175.1	ASM3028917v1	Staphylococcus aureus		C285					NCBI Prokaryotic Genome Annotation Pipeline (PGAP)	2843801	4	Complete Genome	2023-06-19		2790760	4	Oxford Nanopore MiniION and Illumina	PRJNA914892	SAMN32360893	98.19	0.39
GCA_030288635.1	ASM3028863v1	Staphylococcus aureus		C289					NCBI Prokaryotic Genome Annotation Pipeline (PGAP)	2821753	3	Complete Genome	2023-06-19		2789936	3	Oxford Nanopore MiniION and Illumina	PRJNA914892	SAMN32360922	98.72	0.39
GCA_030290215.1	ASM3029021v1	Staphylococcus aureus		C222					NCBI Prokaryotic Genome Annotation Pipeline (PGAP)	2791053	2	Complete Genome	2023-06-19		2788580	2	Oxford Nanopore MiniION and Illumina	PRJNA914892	SAMN32360844	98.23	0.39
GCA_030289215.1	ASM3028921v1	Staphylococcus aureus		C355					NCBI Prokaryotic Genome Annotation Pipeline (PGAP)	2786634	1	Complete Genome	2023-06-19		2786634	1	Oxford Nanopore MiniION and Illumina	PRJNA914892	SAMN32360894	98.51	0.39
GCA_030288755.1	ASM3028875v1	Staphylococcus aureus		C187					NCBI Prokaryotic Genome Annotation Pipeline (PGAP)	2786332	1	Complete Genome	2023-06-19		2786332	1	Oxford Nanopore MiniION and Illumina	PRJNA914892	SAMN32360903	98.14	0.68
GCA_030288455.1	ASM3028845v1	Staphylococcus aureus		C316					NCBI Prokaryotic Genome Annotation Pipeline (PGAP)	2806015	2	Complete Genome	2023-06-19		2785285	2	Oxford Nanopore MiniION and Illumina	PRJNA914892	SAMN32360927	98.81	0.39
GCA_030289815.1	ASM3028981v1	Staphylococcus aureus		C79					NCBI Prokaryotic Genome Annotation Pipeline (PGAP)	2806022	2	Complete Genome	2023-06-19		2784973	2	Oxford Nanopore MiniION and Illumina	PRJNA914892	SAMN32360852	98.87	0.39
GCA_030288995.1	ASM3028899v1	Staphylococcus aureus		C363					NCBI Prokaryotic Genome Annotation Pipeline (PGAP)	2810000	2	Complete Genome	2023-06-19		2782732	2	Oxford Nanopore MiniION and Illumina	PRJNA914892	SAMN32360897	98.52	0.39
GCA_030290855.1	ASM3029085v1	Staphylococcus aureus		C152					NCBI Prokaryotic Genome Annotation Pipeline (PGAP)	2807132	2	Complete Genome	2023-06-19		2782155	2	Oxford Nanopore MiniION and Illumina	PRJNA914892	SAMN32360808	97.95	0.39
GCA_030290635.1	ASM3029063v1	Staphylococcus aureus		C58					NCBI Prokaryotic Genome Annotation Pipeline (PGAP)	2796804	2	Complete Genome	2023-06-19		2781408	2	Oxford Nanopore MiniION and Illumina	PRJNA914892	SAMN32360826	98.01	0.3
GCA_030293805.1	ASM3029380v1	Staphylococcus aureus		C871					NCBI Prokaryotic Genome Annotation Pipeline (PGAP)	2831379	2	Complete Genome	2023-06-19		2781343	2	Oxford Nanopore MiniION and Illumina	PRJNA914892	SAMN32360940		
GCA_030290655.1	ASM3029065v1	Staphylococcus aureus		C254					NCBI Prokaryotic Genome Annotation Pipeline (PGAP)	2779503	1	Complete Genome	2023-06-19		2779503	1	Oxford Nanopore MiniION and Illumina	PRJNA914892	SAMN32360815	98.67	0.33
GCA_030289855.1	ASM3028985v1	Staphylococcus aureus		C32					NCBI Prokaryotic Genome Annotation Pipeline (PGAP)	2779085	1	Complete Genome	2023-06-19		2779085	1	Oxford Nanopore MiniION and Illumina	PRJNA914892	SAMN32360865	97.64	0.54
GCA_030289015.1	ASM3028901v1	Staphylococcus aureus		C207					NCBI Prokaryotic Genome Annotation Pipeline (PGAP)	2806027	2	Complete Genome	2023-06-19		2778758	2	Oxford Nanopore MiniION and Illumina	PRJNA914892	SAMN32360907	98.84	0.39
GCA_030290935.1	ASM3029093v1	Staphylococcus aureus		C137					NCBI Prokaryotic Genome Annotation Pipeline (PGAP)	2776891	1	Complete Genome	2023-06-19		2776891	1	Oxford Nanopore MiniION and Illumina	PRJNA914892	SAMN32360804	98.72	0.39
GCA_030290075.1	ASM3029007v1	Staphylococcus aureus		C22					NCBI Prokaryotic Genome Annotation Pipeline (PGAP)	2775746	1	Complete Genome	2023-06-19		2775746	1	Oxford Nanopore MiniION and Illumina	PRJNA914892	SAMN32360832	98.55	0.62
GCA_030287705.1	ASM3028770v1	Staphylococcus aureus		C910					NCBI Prokaryotic Genome Annotation Pipeline (PGAP)	2775416	1	Complete Genome	2023-06-19		2775416	1	Oxford Nanopore MiniION and Illumina	PRJNA914892	SAMN32360963	98.52	0.39
GCA_030289435.1	ASM3028943v1	Staphylococcus aureus		C209					NCBI Prokaryotic Genome Annotation Pipeline (PGAP)	2795966	2	Complete Genome	2023-06-19		2775313	2	Oxford Nanopore MiniION and Illumina	PRJNA914892	SAMN32360875	98.87	0.39
GCA_030289475.1	ASM3028947v1	Staphylococcus aureus		C197					NCBI Prokaryotic Genome Annotation Pipeline (PGAP)	2794567	2	Complete Genome	2023-06-19		2774809	2	Oxford Nanopore MiniION and Illumina	PRJNA914892	SAMN32360880	98.44	0.54
GCA_030289275.1	ASM3028927v1	Staphylococcus aureus		C339					NCBI Prokaryotic Genome Annotation Pipeline (PGAP)	2791975	2	Complete Genome	2023-06-19		2771322	2	Oxford Nanopore MiniION and Illumina	PRJNA914892	SAMN32360882	98.75	0.39
GCA_030289315.1	ASM3028931v1	Staphylococcus aureus		C182					NCBI Prokaryotic Genome Annotation Pipeline (PGAP)	2770992	1	Complete Genome	2023-06-19		2770992	1	Oxford Nanopore MiniION and Illumina	PRJNA914892	SAMN32360887	98.87	0.39
GCA_030289295.1	ASM3028929v1	Staphylococcus aureus		C245					NCBI Prokaryotic Genome Annotation Pipeline (PGAP)	2768369	1	Complete Genome	2023-06-19		2768369	1	Oxford Nanopore MiniION and Illumina	PRJNA914892	SAMN32360891	98.29	0.39
GCA_030290555.1	ASM3029055v1	Staphylococcus aureus		C85					NCBI Prokaryotic Genome Annotation Pipeline (PGAP)	2786738	2	Complete Genome	2023-06-19		2767719	2	Oxford Nanopore MiniION and Illumina	PRJNA914892	SAMN32360829	98.22	0.39
GCA_030289255.1	ASM3028925v1	Staphylococcus aureus		C314					NCBI Prokaryotic Genome Annotation Pipeline (PGAP)	2821872	2	Complete Genome	2023-06-19		2767434	2	Oxford Nanopore MiniION and Illumina	PRJNA914892	SAMN32360892	98.31	0.58
GCA_030289455.1	ASM3028945v1	Staphylococcus aureus		C16					NCBI Prokaryotic Genome Annotation Pipeline (PGAP)	2766969	1	Complete Genome	2023-06-19		2766969	1	Oxford Nanopore MiniION and Illumina	PRJNA914892	SAMN32360866	97.42	0.34
GCA_030288855.1	ASM3028885v1	Staphylococcus aureus		C246					NCBI Prokaryotic Genome Annotation Pipeline (PGAP)	2786590	2	Complete Genome	2023-06-19		2765862	2	Oxford Nanopore MiniION and Illumina	PRJNA914892	SAMN32360914	98.43	0.62
GCA_030288335.1	ASM3028833v1	Staphylococcus aureus		C869					NCBI Prokaryotic Genome Annotation Pipeline (PGAP)	2765638	1	Complete Genome	2023-06-19		2765638	1	Oxford Nanopore MiniION and Illumina	PRJNA914892	SAMN32360938	98.45	0.39
GCA_030288415.1	ASM3028841v1	Staphylococcus aureus		C298					NCBI Prokaryotic Genome Annotation Pipeline (PGAP)	2786159	2	Complete Genome	2023-06-19		2762887	2	Oxford Nanopore MiniION and Illumina	PRJNA914892	SAMN32360925	98.28	0.98
GCA_030287825.1	ASM3028782v1	Staphylococcus aureus		C911					NCBI Prokaryotic Genome Annotation Pipeline (PGAP)	2782176	2	Complete Genome	2023-06-19		2761773	2	Oxford Nanopore MiniION and Illumina	PRJNA914892	SAMN32360964	98.12	0.39
GCA_030290235.1	ASM3029023v1	Staphylococcus aureus		C200					NCBI Prokaryotic Genome Annotation Pipeline (PGAP)	2782173	2	Complete Genome	2023-06-19		2761770	2	Oxford Nanopore MiniION and Illumina	PRJNA914892	SAMN32360811	98.12	0.39
GCA_030290035.1	ASM3029003v1	Staphylococcus aureus		C100					NCBI Prokaryotic Genome Annotation Pipeline (PGAP)	2788338	4	Complete Genome	2023-06-19		2761437	4	Oxford Nanopore MiniION and Illumina	PRJNA914892	SAMN32360846	98.28	0.62
GCA_030287685.1	ASM3028768v1	Staphylococcus aureus		C904					NCBI Prokaryotic Genome Annotation Pipeline (PGAP)	2761126	1	Complete Genome	2023-06-19		2761126	1	Oxford Nanopore MiniION and Illumina	PRJNA914892	SAMN32360956	98.57	0.39
GCA_030287875.1	ASM3028787v1	Staphylococcus aureus		C912					NCBI Prokaryotic Genome Annotation Pipeline (PGAP)	2781394	2	Complete Genome	2023-06-19		2760992	2	Oxford Nanopore MiniION and Illumina	PRJNA914892	SAMN32360965	98.24	0.39
GCA_030287625.1	ASM3028762v1	Staphylococcus aureus		C878					NCBI Prokaryotic Genome Annotation Pipeline (PGAP)	2790341	3	Complete Genome	2023-06-19		2760847	3	Oxford Nanopore MiniION and Illumina	PRJNA914892	SAMN32360962	98.87	0.39
GCA_030290015.1	ASM3029001v1	Staphylococcus aureus		C240					NCBI Prokaryotic Genome Annotation Pipeline (PGAP)	2760738	1	Complete Genome	2023-06-19		2760738	1	Oxford Nanopore MiniION and Illumina	PRJNA914892	SAMN32360856	98.55	0.39
GCA_030290735.1	ASM3029073v1	Staphylococcus aureus		C164					NCBI Prokaryotic Genome Annotation Pipeline (PGAP)	2756760	1	Complete Genome	2023-06-19		2756760	1	Oxford Nanopore MiniION and Illumina	PRJNA914892	SAMN32360809	98.25	0.39
GCA_030288695.1	ASM3028869v1	Staphylococcus aureus		C239					NCBI Prokaryotic Genome Annotation Pipeline (PGAP)	2754846	1	Complete Genome	2023-06-19		2754846	1	Oxford Nanopore MiniION and Illumina	PRJNA914892	SAMN32360911	98.26	0.39
GCA_030288255.1	ASM3028825v1	Staphylococcus aureus		C301					NCBI Prokaryotic Genome Annotation Pipeline (PGAP)	2773006	2	Complete Genome	2023-06-19		2753248	2	Oxford Nanopore MiniION and Illumina	PRJNA914892	SAMN32360926	98.63	0.54
GCA_030288515.1	ASM3028851v1	Staphylococcus aureus		C321					NCBI Prokaryotic Genome Annotation Pipeline (PGAP)	2769978	2	Complete Genome	2023-06-19		2749575	2	Oxford Nanopore MiniION and Illumina	PRJNA914892	SAMN32360929	98.87	0.39
GCA_030288395.1	ASM3028839v1	Staphylococcus aureus		C329					NCBI Prokaryotic Genome Annotation Pipeline (PGAP)	2765900	2	Complete Genome	2023-06-19		2748855	2	Oxford Nanopore MiniION and Illumina	PRJNA914892	SAMN32360931	98.72	0.39
GCA_030288295.1	ASM3028829v1	Staphylococcus aureus		C267					NCBI Prokaryotic Genome Annotation Pipeline (PGAP)	2774871	2	Complete Genome	2023-06-19		2747553	2	Oxford Nanopore MiniION and Illumina	PRJNA914892	SAMN32360919	98.46	0.39
GCA_030289115.1	ASM3028911v1	Staphylococcus aureus		C155					NCBI Prokaryotic Genome Annotation Pipeline (PGAP)	2747514	1	Complete Genome	2023-06-19		2747514	1	Oxford Nanopore MiniION and Illumina	PRJNA914892	SAMN32360881	98.43	0.39
GCA_030288055.1	ASM3028805v1	Staphylococcus aureus		C862					NCBI Prokaryotic Genome Annotation Pipeline (PGAP)	2795095	3	Complete Genome	2023-06-19		2747416	3	Oxford Nanopore MiniION and Illumina	PRJNA914892	SAMN32360952	96.51	0.62
GCA_030289615.1	ASM3028961v1	Staphylococcus aureus		C121					NCBI Prokaryotic Genome Annotation Pipeline (PGAP)	2774025	4	Complete Genome	2023-06-19		2747136	4	Oxford Nanopore MiniION and Illumina	PRJNA914892	SAMN32360861	98.28	0.62
GCA_030289155.1	ASM3028915v1	Staphylococcus aureus		C233					NCBI Prokaryotic Genome Annotation Pipeline (PGAP)	2747039	1	Complete Genome	2023-06-19		2747039	1	Oxford Nanopore MiniION and Illumina	PRJNA914892	SAMN32360888	97.95	0.39
GCA_030288975.1	ASM3028897v1	Staphylococcus aureus		C214					NCBI Prokaryotic Genome Annotation Pipeline (PGAP)	2769080	3	Complete Genome	2023-06-19		2745953	3	Oxford Nanopore MiniION and Illumina	PRJNA914892	SAMN32360908	98.58	0.39
GCA_030290695.1	ASM3029069v1	Staphylococcus aureus		C326					NCBI Prokaryotic Genome Annotation Pipeline (PGAP)	2748259	2	Complete Genome	2023-06-19		2745808	2	Oxford Nanopore MiniION and Illumina	PRJNA914892	SAMN32360820	98.7	0.39
GCA_030289695.1	ASM3028969v1	Staphylococcus aureus		C208					NCBI Prokaryotic Genome Annotation Pipeline (PGAP)	2766402	2	Complete Genome	2023-06-19		2745672	2	Oxford Nanopore MiniION and Illumina	PRJNA914892	SAMN32360855	97.59	0.62
GCA_030290515.1	ASM3029051v1	Staphylococcus aureus		C80					NCBI Prokaryotic Genome Annotation Pipeline (PGAP)	2765300	2	Complete Genome	2023-06-19		2744570	2	Oxford Nanopore MiniION and Illumina	PRJNA914892	SAMN32360835	97.59	0.62
GCA_030288355.1	ASM3028835v1	Staphylococcus aureus		C867					NCBI Prokaryotic Genome Annotation Pipeline (PGAP)	2757618	2	Complete Genome	2023-06-19		2741223	2	Oxford Nanopore MiniION and Illumina	PRJNA914892	SAMN32360936	97.99	0.39
GCA_030288435.1	ASM3028843v1	Staphylococcus aureus		C244					NCBI Prokaryotic Genome Annotation Pipeline (PGAP)	2759428	2	Complete Genome	2023-06-19		2739670	2	Oxford Nanopore MiniION and Illumina	PRJNA914892	SAMN32360913	98.53	0.54
GCA_030288555.1	ASM3028855v1	Staphylococcus aureus		C297					NCBI Prokaryotic Genome Annotation Pipeline (PGAP)	2739083	1	Complete Genome	2023-06-19		2739083	1	Oxford Nanopore MiniION and Illumina	PRJNA914892	SAMN32360924	98.63	0.39
GCA_030292965.1	ASM3029296v1	Staphylococcus aureus		C907					NCBI Prokaryotic Genome Annotation Pipeline (PGAP)	2738168	1	Complete Genome	2023-06-19		2738168	1	Oxford Nanopore MiniION and Illumina	PRJNA914892	SAMN32360959		
GCA_030290875.1	ASM3029087v1	Staphylococcus aureus		C143					NCBI Prokaryotic Genome Annotation Pipeline (PGAP)	2758123	2	Complete Genome	2023-06-19		2737392	2	Oxford Nanopore MiniION and Illumina	PRJNA914892	SAMN32360806	98.21	0.43
GCA_030288575.1	ASM3028857v1	Staphylococcus aureus		C292					NCBI Prokaryotic Genome Annotation Pipeline (PGAP)	2757805	2	Complete Genome	2023-06-19		2737087	2	Oxford Nanopore MiniION and Illumina	PRJNA914892	SAMN32360923	98.68	0.39
GCA_030289555.1	ASM3028955v1	Staphylococcus aureus		C136					NCBI Prokaryotic Genome Annotation Pipeline (PGAP)	2757525	2	Complete Genome	2023-06-19		2736796	2	Oxford Nanopore MiniION and Illumina	PRJNA914892	SAMN32360879	97.24	0.62
GCA_030289495.1	ASM3028949v1	Staphylococcus aureus		C91					NCBI Prokaryotic Genome Annotation Pipeline (PGAP)	2757288	2	Complete Genome	2023-06-19		2736559	2	Oxford Nanopore MiniION and Illumina	PRJNA914892	SAMN32360876	97.24	0.62
GCA_030290375.1	ASM3029037v1	Staphylococcus aureus		C3					NCBI Prokaryotic Genome Annotation Pipeline (PGAP)	2735187	1	Complete Genome	2023-06-19		2735187	1	Oxford Nanopore MiniION and Illumina	PRJNA914892	SAMN32360839	98.61	0.62
GCA_030290675.1	ASM3029067v1	Staphylococcus aureus		C36					NCBI Prokaryotic Genome Annotation Pipeline (PGAP)	2735185	1	Complete Genome	2023-06-19		2735185	1	Oxford Nanopore MiniION and Illumina	PRJNA914892	SAMN32360821	98.61	0.62
GCA_030290135.1	ASM3029013v1	Staphylococcus aureus		C88					NCBI Prokaryotic Genome Annotation Pipeline (PGAP)	2734860	1	Complete Genome	2023-06-19		2734860	1	Oxford Nanopore MiniION and Illumina	PRJNA914892	SAMN32360830	98.61	0.62
GCA_030289895.1	ASM3028989v1	Staphylococcus aureus		C56					NCBI Prokaryotic Genome Annotation Pipeline (PGAP)	2734856	1	Complete Genome	2023-06-19		2734856	1	Oxford Nanopore MiniION and Illumina	PRJNA914892	SAMN32360863	98.51	0.62
GCA_030288795.1	ASM3028879v1	Staphylococcus aureus		C19					NCBI Prokaryotic Genome Annotation Pipeline (PGAP)	2731768	1	Complete Genome	2023-06-19		2731768	1	Oxford Nanopore MiniION and Illumina	PRJNA914892	SAMN32360905	98.75	0.39
GCA_030290115.1	ASM3029011v1	Staphylococcus aureus		C235					NCBI Prokaryotic Genome Annotation Pipeline (PGAP)	2731767	1	Complete Genome	2023-06-19		2731767	1	Oxford Nanopore MiniION and Illumina	PRJNA914892	SAMN32360849	98.75	0.39
GCA_030293085.1	ASM3029308v1	Staphylococcus aureus		C900					NCBI Prokaryotic Genome Annotation Pipeline (PGAP)	2757933	2	Complete Genome	2023-06-19		2730665	2	Oxford Nanopore MiniION and Illumina	PRJNA914892	SAMN32360953		
GCA_030288615.1	ASM3028861v1	Staphylococcus aureus		C271					NCBI Prokaryotic Genome Annotation Pipeline (PGAP)	2746789	2	Complete Genome	2023-06-19		2728957	2	Oxford Nanopore MiniION and Illumina	PRJNA914892	SAMN32360920	98.01	0.39
GCA_030289995.1	ASM3028999v1	Staphylococcus aureus		C320					NCBI Prokaryotic Genome Annotation Pipeline (PGAP)	2728737	1	Complete Genome	2023-06-19		2728737	1	Oxford Nanopore MiniION and Illumina	PRJNA914892	SAMN32360848	98.53	0.62
GCA_030287585.1	ASM3028758v1	Staphylococcus aureus		C901					NCBI Prokaryotic Genome Annotation Pipeline (PGAP)	2741557	2	Complete Genome	2023-06-19		2718913	2	Oxford Nanopore MiniION and Illumina	PRJNA914892	SAMN32360954	98.78	0.39
GCA_030288495.1	ASM3028849v1	Staphylococcus aureus		C243					NCBI Prokaryotic Genome Annotation Pipeline (PGAP)	2717364	1	Complete Genome	2023-06-19		2717364	1	Oxford Nanopore MiniION and Illumina	PRJNA914892	SAMN32360912	98.87	0.39
GCA_030289775.1	ASM3028977v1	Staphylococcus aureus		C255					NCBI Prokaryotic Genome Annotation Pipeline (PGAP)	2737883	2	Complete Genome	2023-06-19		2717226	2	Oxford Nanopore MiniION and Illumina	PRJNA914892	SAMN32360862	98.78	0.39
GCA_030288815.1	ASM3028881v1	Staphylococcus aureus		C25					NCBI Prokaryotic Genome Annotation Pipeline (PGAP)	2737397	2	Complete Genome	2023-06-19		2716744	2	Oxford Nanopore MiniION and Illumina	PRJNA914892	SAMN32360915	97.68	0.62
GCA_030290295.1	ASM3029029v1	Staphylococcus aureus		C5					NCBI Prokaryotic Genome Annotation Pipeline (PGAP)	2737315	2	Complete Genome	2023-06-19		2716662	2	Oxford Nanopore MiniION and Illumina	PRJNA914892	SAMN32360823	97.68	0.62
GCA_030287725.1	ASM3028772v1	Staphylococcus aureus		C888					NCBI Prokaryotic Genome Annotation Pipeline (PGAP)	2714590	1	Complete Genome	2023-06-19		2714590	1	Oxford Nanopore MiniION and Illumina	PRJNA914892	SAMN32360948	97.84	0.62
GCA_030290355.1	ASM3029035v1	Staphylococcus aureus		C270					NCBI Prokaryotic Genome Annotation Pipeline (PGAP)	2729838	2	Complete Genome	2023-06-19		2711961	2	Oxford Nanopore MiniION and Illumina	PRJNA914892	SAMN32360817	98.23	0.39
GCA_030290315.1	ASM3029031v1	Staphylococcus aureus		C18					NCBI Prokaryotic Genome Annotation Pipeline (PGAP)	2735993	3	Complete Genome	2023-06-19		2711603	3	Oxford Nanopore MiniION and Illumina	PRJNA914892	SAMN32360810	98	0.39
GCA_030289415.1	ASM3028941v1	Staphylococcus aureus		C353					NCBI Prokaryotic Genome Annotation Pipeline (PGAP)	2721928	2	Complete Genome	2023-06-19		2701266	2	Oxford Nanopore MiniION and Illumina	PRJNA914892	SAMN32360860	97.16	0.62
GCA_030290395.1	ASM3029039v1	Staphylococcus aureus		C9					NCBI Prokaryotic Genome Annotation Pipeline (PGAP)	2701265	1	Complete Genome	2023-06-19		2701265	1	Oxford Nanopore MiniION and Illumina	PRJNA914892	SAMN32360838	97.16	0.62
GCA_030289835.1	ASM3028983v1	Staphylococcus aureus		C72					NCBI Prokaryotic Genome Annotation Pipeline (PGAP)	2742801	3	Complete Genome	2023-06-19		2700393	3	Oxford Nanopore MiniION and Illumina	PRJNA914892	SAMN32360841	97.18	0.62
GCA_030289715.1	ASM3028971v1	Staphylococcus aureus		C351					NCBI Prokaryotic Genome Annotation Pipeline (PGAP)	2725041	2	Complete Genome	2023-06-19		2700389	2	Oxford Nanopore MiniION and Illumina	PRJNA914892	SAMN32360871	97.18	0.62
GCA_030289735.1	ASM3028973v1	Staphylococcus aureus		C188					NCBI Prokaryotic Genome Annotation Pipeline (PGAP)	2723038	2	Complete Genome	2023-06-19		2700380	2	Oxford Nanopore MiniION and Illumina	PRJNA914892	SAMN32360864	98.7	0.39
GCA_030289195.1	ASM3028919v1	Staphylococcus aureus		C364					NCBI Prokaryotic Genome Annotation Pipeline (PGAP)	2723036	2	Complete Genome	2023-06-19		2700378	2	Oxford Nanopore MiniION and Illumina	PRJNA914892	SAMN32360847	98.7	0.39
GCA_030289595.1	ASM3028959v1	Staphylococcus aureus		C21					NCBI Prokaryotic Genome Annotation Pipeline (PGAP)	2741419	3	Complete Genome	2023-06-19		2699955	3	Oxford Nanopore MiniION and Illumina	PRJNA914892	SAMN32360869	97.45	0.56
GCA_030289335.1	ASM3028933v1	Staphylococcus aureus		C206					NCBI Prokaryotic Genome Annotation Pipeline (PGAP)	2712468	2	Complete Genome	2023-06-19		2691816	2	Oxford Nanopore MiniION and Illumina	PRJNA914892	SAMN32360877	96.6	0.39
GCA_030290975.1	ASM3029097v1	Staphylococcus aureus		C1					NCBI Prokaryotic Genome Annotation Pipeline (PGAP)	2715822	2	Complete Genome	2023-06-19		2691530	2	Oxford Nanopore MiniION and Illumina	PRJNA914892	SAMN32360800	98.87	1.12
GCA_030293355.1	ASM3029335v1	Staphylococcus aureus		C905					NCBI Prokaryotic Genome Annotation Pipeline (PGAP)	2705497	2	Complete Genome	2023-06-19		2684778	2	Oxford Nanopore MiniION and Illumina	PRJNA914892	SAMN32360957		
GCA_030289915.1	ASM3028991v1	Staphylococcus aureus		C195					NCBI Prokaryotic Genome Annotation Pipeline (PGAP)	2702260	2	Complete Genome	2023-06-19		2681608	2	Oxford Nanopore MiniION and Illumina	PRJNA914892	SAMN32360858	97.7	0.62
